Section ID,Category Name,Section Style Name,Description & Layout Hierarchy,Background Elements,Typography & Spacing Specs,Motion & Animation Mechanics,Helpful Tags & Comments,Sample Sections / Use Cases
HERO-01,Hero Sections,Aurora Glow Floating App Hero,Centered text stack dropping into an overflowing web application browser mockup frame.,"Radial gradient blend of lavender `#DCD6FF`, violet `#E6E2FF`, and white. Concentrated color density.",Main title 64px extra-bold line-height 1.15. Sub-headline 16px slate max-width 680px. CTA button group gap 16px.,Ambient glow mesh cycles scale/rotation over 20s. Application browser mockup panel floats vertically 8px over 6s loop.,"hero-section, aurora-glow, saas-mockup, centered-hero",SaaS Main Landing Page Heroes, core digital product overviews.
HERO-02,Hero Sections,Isomorphic Tech Flow Blueprint Hero,Technical SaaS landing hero displaying automation logic streams over an engineering blueprint layer.,Clean stark white canvas sheet overlaid with a faint blue isometric micro-dot grid pattern `#E2E8F0`.,Main title H1 text 60px technical sans-serif. Blue phrase tracking highlight layer `#2563EB`. Input placeholder text 15px.,Logic schematic dashed layout paths execute continuous automated SVG dash-offset texturing flow animations.,"isometric-hero, tech-blueprint, saas-landing, workflow-visualization",AI tech landing heroes, automation platform product walk-through overviews.
HERO-03,Hero Sections,Radiant Gaming Hub Platform Hero,Modern gaming landing hero built around a central geometric network connection map and warm peach gradients.,Radial gradient mesh moving peach coral `#FF9F7D` outer parameters into bright white core folds.,Headline text 56px bold tracking. Inline brand circles diameter 32px embedded inside rows.,Concentric logic pipeline paths illuminate neon pulses sequentially outward from center node keys to outer hexagons.,"gaming-hero, glowing-gradient, integrated-icons, community-hub",Web3/Gaming dashboard landing pages, community network hubs.
HERO-04,Hero Sections,Web3 Neo-Glow Metrics Hero,Advanced infrastructure landing hero stacking a search input engine above an analytics dashboard bento.,Light gray sheet canvas `#F3F4F6` layered with infinite technical engineering line grid arrays.,Core title text 54px, email input input widget width 480px. Dashboard internal numbers 28px.,Dashboard trend lines execute automated SVG path stroke stroke-dasharray paint animation sweeps on load visibility.,"neo-grid, bento-metrics, input-hero, web3-tech",Web3 main hero dashboards, technical protocol network analytics platforms.
HERO-05,Hero Sections,Dark Cinematic Typography Hero,Dark atmospheric creative agency hero layering giant center title overlays over absolute corner text lists.,Deep black canvas hosting center portrait artwork scene (cloaked red figure) with blurred texture washes.,Center uppercase display headline text 88px bold. Corner category text blocks inside brackets.,Background cinematic graphic art panel executes scroll parallax speed interpolation while title entry scales upward.,"cinematic-hero, dark-mode, editorial-typography, high-contrast",Creative agency main heroes, premium fashion landings, brand portfolios.
HERO-06,Hero Sections,Organic Clean-Tech Horizon Hero,Inset curved display card hero mapping large environment imagery underneath user bar layers.,Stark white outer canvas frame enclosing an inner display card module built with deep rounded bounds 32px.,Inner headline text 62px bold white text. Paragraph description width constraint 520px. CTA button group row gap 12px.,Background airliner flight photo layer shifts lighting channels via automated gradient map lighting sweep loops.,"clean-tech, curved-frame, environmental-tech, centered-stack",Sustainable enterprise hero landing pages, modern transit corporation interfaces.
HERO-07,Hero Sections,Fan-Out Tilted Graphic Card Hero,High-impact dark studio hero section anchoring a progress fanned-out deck of tilted image cards past the fold.,Pristine uniform matte black sheet canvas framework #0Black bounds.,Main display headline 64px, line-height 1.1. Top capsule navigation bar holds mint green CTA button.,Hovering card deck smoothly reduces individual rotation angles toward 0 while dynamically increasing row layout spacing.,"fanned-cards, tilted-ui, centered-typography, dark-mode-hero",Principal landing heroes for creative digital studios, design portfolios, or tech agency indices.
HERO-08,Hero Sections,Editorial Column Vertical Splitting,Sleek high-key learning hero pathway distributing entry streams across tall, vertically elongated rounded columns.,Solid pristine white sheet layout canvas layer #FFFFFF.,Left display text 64px bold black sans-serif. Inset input field with green action tile.,Hovering vertical column strips smoothly expands width flex-grow: 3, cross-fading vertical text keys into horizontal layout.,"vertical-accordion-grid, editorial-columns, input-hero, staggered-typography",Main educational academy heroes, e-commerce division matrices, platform entry portals.
HERO-09,Hero Sections,Ultra-Clean Product Showcase Hero,High-end editorial showcase layout featuring large central product graphic breaking bottom borders.,Clean off-white canvas sheet #F6F6F6 utilizing an inset border card layer framing configuration.,Main display text 56px-68px sans-serif italic variants. Left block description 15px.,Scroll-driven parallax translations shift the central dark hardware puck icon faster than page canvas rules.,"editorial-layout, asymmetrical, product-showcase, minimalist-tech",E-commerce hardware landing pages, premium consumer tech heroes.
HERO-10,Hero Sections,Asymmetrical Organic Split Hero,Creative landing hero splitting a blue vector line scene from a white text layout via curved wave borders.,Split canvas base: upper 60% electric blue #2B66FF, lower 40% white page sheet canvas matrix.,Blue field display title text 56px white text layers. White field data headers 20px bold.,Illustration character paths trace out vector design rules on load visibility via automated SVG dash-offset sweep loops.,"organic-split, color-block-wave, vector-illustration, editorial-hero",Corporate career main pages, creative agency landing heroes, brand index folds.
HERO-11,Hero Sections,Handheld Device Mockup Hero,Elite landing hero centering a handheld smartphone mockup tracking live video over a blue-sky radial gradient wash.,Soft, light-blue wash gradient backdrop field canvas layer. Mockup smartphone frame absolute.,Main display layout 58px white text layers. Description copy regular regular tracking rules.,Move gestures or page scroll sequences trigger independent horizontal and vertical translation float offsets across handheld.,"handheld-device-mockup, saas-conversion-hero, radial-gradient-wash, medical",Principal landing pages for medical applications, health-tech protocol software.
HERO-12,Hero Sections,Flagship SaaS Platform Blue-Sky Hero,Technology landing hero centering an umbrella arch mockup window over a blue-sky cloud layer base.,High-fidelity photographic canvas displaying bright white cumulus cloud banks fading into blue sky washes.,Main headline 56px, dual-colored linear text gradient fill layer 'Create CustomGPTs'.,On initial viewport visibility, third-party icons animate sequentially outward from apex node down left and right paths.,"blue-sky-hero, integration-umbrella-arch, concentric-logo-bridge, saas",Principal landing heroes for cloud automation tools, software integration hubs.
HERO-13,Hero Sections,Luxury Balanced Showcase Hero,Premium watch landing hero layering a vertical brand marquee behind a giant 3D mechanics skeleton sports watch asset.,Full-bleed clean canvas base layer showing ultra-soft periwinkle radial gradient wash margins.,Main headline 58px bold, vertical script typography design layer 'Hublot' text.,Central 3D skeleton watch asset executes a continuous slow-duration automated rotation animation loop on center axes.,"luxury-showcase, 3d-hardware-render, watermark-sidebar, premium-landing",Flagship luxury product heroes, premium consumer tech landing overviews, catalogs.
HERO-14,Hero Sections,Brutalist Overlapping Lookbook Hero,High-impact brutalist fashion landing hero section that layers massive canvas-filling display typography behind portrait photography frames.,Solid matte light gray background field canvas layer covered with vertical alignment wirelines.,Brutalist background text 110px condensed. Central photo frame vertical portrait.,Cursor tracking coordinates trigger gentle opposite horizontal translation float offsets across background text blocks.,"brutalist-grid, overlapping-media, cursive-typography-overlay, brutalist",Streetwear fashion catalog lookbooks, creative studio collection launches, lookbooks.
HERO-15,Hero Sections,Full-Bleed Nature Retreat Hero,Immersive eco-tourism hero section tracking an open navigation header above a modern A-frame glass cottage lake scene.,Full-bleed photographic background showcasing a luxury modern A-frame glass cottage along a lake reflect pool.,Main display headline 64px white sans-serif text. Description copy regular weight text layouts.,Lake reflection water area incorporates a subtle fluid simulation loop to replicate soft active water ripples continuously.,"full-bleed-nature, luxury-retreat, forest-cabin, centered-conversion",Flagship heroes for boutique hotels, nature retreats, architectural experience landings.
HERO-16,Hero Sections,Immersive Dark Interior Hero,Luxury hospitality hero overlaying a brutalist fireplace text headline onto a full-bleed dark concrete living lounge scene.,Full-bleed photographic background displaying an industrial dark concrete interior lounge fireplace setup.,Fireplace text headline 88px uppercase tracking. Booking scheduler text layers regular weight.,Fireplace mantle area incorporates a highly realistic particle lighting mesh simulation to replicate live flickering flame.,"dark-interior-hero, brutalist-text-overlay, booking-scheduler-baseline, luxury",Principal landing heroes for luxury boutique hotels, luxury villa bookings.
SEC-01,2nd / Feature Sections,Minimalist Split-Header Blog Grid,3-column content grid, asymmetrical split header layout using flex space-between.,Solid white #FFFFFF or off-white #F9F9F9. No layout lines or gradients.,Headline 48px-56px bold, body text 16px. Card title 24px bold, 1px separation lines #EAEAEA.,Card image scales up scale(1.04) on hover over 0.4s clip bound. Arrow icon slides up-right 4px.,"minimalist, split-header, card-grid, article-hub",Blog index rolls, resource centers, case study lists.
SEC-02,2nd / Feature Sections,Tabbed Feature Module Block,Bold 2-column feature walkthrough block using an upper fractional tab selection grid line layout.,Solid vivid periwinkle brand purple canvas sheet layer #8A70FF. Completely flat color.,Fractional column navigation tabs split 1/5 width rows. H3 bold header text 40px white text.,Tab header triggers prompt immediate 0.3s opacity swap crossfade and slight horizontal slide layout shift of mockup assets.,"tabbed-interface, solid-background, feature-showcase, two-column-split",Feature walkthrough modules, interactive product value blocks.
SEC-03,2nd / Feature Sections,Minimalist Balanced Feature Grid,Symmetrical 3-column grid layout pairing isolated top-left headlines with light square icon boxes.,Clean stark white utility canvas sheet background framework #FFFFFF.,Left title display text 42px bold. Inset light gray icon boxes #F1F1F4 rounded 16px.,Hover actions over boxes trigger custom spring translation elasticity on the inner purple vector icon marks.,"services-grid, minimal-icon-box, clean-alignment, symmetrical",Service overviews, corporate core pillar highlights, value propositions.
SEC-04,2nd / Feature Sections,Clean-Tech Asymmetrical Data Grid,3-column clean-tech data feature grid utilizing immersive closeups and data visualization matrices.,Solid bright light-gray canvas wrapper #F4F4F4. Tech modules matte dark-green #041C06.,Section display title 44px. Stat metrics text 54px bright white.,Scroll viewport intersection triggers sequential dot matrix scale loop ripple animation row-by-row over 0.05s steps.,"clean-tech, data-visualization, asymmetrical-grid, bento-metrics",Industrial tech feature overviews, sustainability reports, impact statistics.
SEC-05,2nd / Feature Sections,Split-Pane Hybrid Feature Column,Editorial 2-column split feature row, vertical text flex path left, large rounded media block right.,Solid deep organic dark-green field canvas sheet background layers #031805.,Headline display text 48px pure white. Separation row lines dark-gray #132E16.,Hover actions across horizontal listings swap font weights instantly and slide light green color overlays behind indices.,"split-feature, interactive-list, clean-tech, media-showcase",Product capability breakdowns, environmental process overviews, industrial use cases.
SEC-06,2nd / Feature Sections,Fluid Organic Field Feature Row,4-column service card row overlaying a wide full-bleed nature environment photography layer.,Photographic background of rolling green agricultural hills blending into solid green baseline gradient.,Top row split headline text 40px bold. Floating card modules white #FFFFFF, rounded 20px.,Hovering cards triggers asymmetrical vertical translation lift translateY(-8px) and smooth inner graphic image scaling.,"organic-background, white-bento-cards, clean-tech, nature-tech",Core company values, investment pillars, ecosystem structural models.
SEC-07,2nd / Feature Sections,Corporate Creative Portfolio Banner,Asymmetrical text row stacked directly above a tight multi-pane team lifestyle photo marquee canvas.,Clean flat white upper background transitioning into tinted photography layers via feathered blur masks.,Left description block text 22px medium-light gray text. Inset white call badge text 16px.,Hover actions over photo cells smoothly expand their flex layout weight proportions flex: 2 while shrinking neighbors.,"editorial-grid, agency-portfolio, mosaic-layout, asymmetrical-text",Agency about-pages, creative agency team showcase blocks, culture rolls.
SEC-08,2nd / Feature Sections,Clean-Tech Asymmetrical Accordion Stack,Clean-tech FAQ variation framing left display titles above stacked right accordion channel blocks.,Clean uniform high-key white layout field canvas background paneling #F5F5F5.,Display headline text 52px USA bold. Left wide capsule action button background lime-green.,Accordion expansion triggers smooth max-height interpolation layout transitions while right plus icons cross-rotate.,"split-faq, clean-tech-ui, asymmetrical-accordion, modern-minimalist",Clean-tech corporate FAQs, industrial resource links documentation.
SEC-09,2nd / Feature Sections,Glassmorphic Column Hub,5-column value dashboard distributing frosted glass panel wrappers over intense violet light spots.,Dark texture mesh gradient transitioning blue-violet variants into periwinkle light spotwells.,Header text title 52px bold/thin typography hierarchy tracking. Glass card wrappers 20px.,Glass feature modules shift backdrop opacity filters and execute vertical translation lift translateY(-12px) on hover.,"glassmorphism, glowing-gradient, five-column-grid, feature-hub",Value propositions, strategic capability sheets, "Why Choose Us" sections.
SEC-10,2nd / Feature Sections,Asymmetrical Interactive Use-Case Split,Editorial B2B feature layout split anchoring a vertical accordion panel left and multi-layered visual cards right.,Solid crisp white layout field canvas #FFFFFF. Accordion frames off-white #F5F5F5.,Section title headline 38px bold. Accordion collapsed tiers row gap metrics 16px.,Toggling separate use-case menu rows smoothly executes height text crossfades while instantly swapping right visual cards.,"split-use-case, interactive-accordion, layered-mockups, b2b-features",Industry vertical deep-dives, custom product use-case overviews, target persona walkthroughs.
SEC-11,2nd / Feature Sections,Pastel Aurora Glass Feature Deck,Symmetrical 4-column feature deck row distributing vertical bento cards filled with multi-colored aurora spots.,Pristine uniform white canvas backdrop layer #FFFFFF.,Card headings 22px bold black sans-serif. Inset circular glassmorphic icons well radius 24px.,Hovering over cards prompts underlying color mesh gradients to shift coordinate tracking parameters smoothly over easy curves.,"pastel-aurora, glassmorphism-icons, bento-features, symmetrical-deck",Platform core capability listings, specialized tool features, technical value propositions.
SEC-12,2nd / Feature Sections,Inset Workspace Dashboard Split,Editorial 2-column layout split coordinating structured vertical milestone checklists with an extra-large software mockup.,Clean white sheet layout canvas backdrop layer #FFFFFF. Mockup dashboard frame light gray.,Primary headline 42px bold, text marker highlight box 'Accelerate Growth'.,Viewport intersection visibility prompts inner concentric circular pipeline charts to dynamically paint via path stroke sweep.,"dashboard-mockup, text-marker-highlight, checklist-timeline, editorial-feature-split",Operational capabilities breakdowns, CRM product values overviews, enterprise value walkthroughs.
PRC-01,Pricing Sections,High-Contrast Bento Pricing Grid,Structured 3-column subscription grid where center priority plan uses an inverted color layer.,Pristine uniform light gray canvas sheet layer #F8F9FA. Standard white card backings #FFFFFF.,Header display text 48px, pricing numerical tier strings 52px bold.,Hover actions over cards prompt container elevation change via drop shadow manipulation box-shadow alterations.,"pricing-grid, bento-style, featured-card, saas-conversion",Software Pricing Tiers, Membership Plans modules.
PRC-02,Pricing Sections,Dark Neo-Glow Tiered Pricing Matrix,Premium dark subscription module highlighting the center bento box using multi-colored neon border glow rings.,Solid matte deep charcoal black background field canvas sheets #09090B.,Plan title text 48px, price text layers 54px white. Center card holds crown icon marks.,Premium card border layers execute continuous CSS linear gradient angle rotation sweeps to create moving rainbow outlines.,"pricing-grid, neon-border-glow, dark-mode, bento-pricing",Enterprise SaaS pricing grids, tiered subscription plans, service upgrades blocks.
PRC-03,Pricing Sections,Bi-Color High-Contrast Pricing Matrix,Staggered 2-row subscription column stack inverting the primary plan container using a bright mint backing.,Uniform matte dark charcoal background field canvas sheets #111111. Standout plan block mint #4FE3B2.,Title header display text 54px uppercase. Tier pricing tier values 48px bold.,Hover entries across pricing cards execute drop shadow changes box-shadow alterations and minor scale expansion.,"pricing-matrix, inverted-color-block, mint-green-ui, vertical-stack-pricing",Specialized service tier options, corporate project package sheets.
PRC-04,Pricing Sections,High-Contrast Bento Subscription Matrix,Structured, minimal 3-column pricing grid utilizing a prominent centered "Bento-Box" design layout where the highest-value plan physically pops out.,Pristine uniform light gray layout field canvas background paneling #F9F9FA. White card backings #FFFFFF.,Plan title text 44px bold. Center professional plan card features top absolute capsule badge.,Hover actions over individual pricing bento cards prompt a subtle container elevation change via drop shadow manipulation.,"pricing-grid, bento-pricing-matrix, color-inversion-block, centered-conversion",Tiered subscription plans, software membership plans blocks, service upgrades matrices.
FAQ-01,FAQs,Full-Width Centered FAQ Accordion Stack,Constrained central layout list wrapper handling a vertical row stack of FAQ accordion channels.,Uniform minimal clean flat white surface canvas paneling templates.,Section headline text 48px, question row entries 18px-20px bold.,Toggling row accordion triggers grid-template-rows 0fr to 1fr slide expansion height shift. Chevron icon performs 180 flip.,"accordion-stack, faq-section, interactive-list, clean-ui",FAQ panels, core product feature specifications documentation blocks.
FAQ-02,FAQs,Split-Layout Minimalist FAQ Grid,Asymmetrical 2-column FAQ variation, headline pinned left column, independent white cards right.,Solid off-white layout surface backdrop canvas #F8F9FA. Card canvas blocks solid white #FFFFFF.,Left title text 52px splitting two short rows. Right card wrappers rounded 12px.,Selecting closed cards smoothly expands height boundaries to reveal responses while plus glyphs shift into close crosses.,"split-accordion, two-column-faq, bento-list, modern-minimalist",Asymmetrical FAQ arrays, technical service details matrices.
FAQ-03,FAQs,Editorial Grid Accordion Showcase,Asymmetrical 2-column FAQ grid locking high-fidelity neon media containers left and dark accordion bars right.,Solid matte deep black sheet layout layer background layers #080808. Accordion frames dark-gray #141414.,Uppercase display title text 56px bold white text layers. Accordion option title text 18px.,Accordion row toggle events trigger height layout shifts from 0 to 1fr via data max-height interpolation curves.,"split-faq-grid, studio-media-frame, dark-mode-accordion, clean-alignment",Modern agency FAQs, hardware overview specification sheets.
FAQ-04,FAQs,Glassmorphic Document Accordion Stack,Clean document directory listing stacking elongated frosted glass accordion channels over giant background text.,Soft light sky-blue wash gradient background sheets dropping down behind foreground row frameworks.,Background display title text layout 92px bold. Glass accordion container radius 14px.,Activating individual accordion channel items slides open underlying copy strings while rotating right action cross glyphs.,"glassmorphism, typography-backdrop, sky-gradient, accordion-list",B2B program FAQs, corporate documentation indices.
FAQ-05,FAQs,Layered Progressive FAQ Dashboard,Elite deep-mode informational section nesting an upper capsule conversion card above a vertical accordion stack.,Solid pristine off-white canvas layout background layer #FFFFFF. Accordion frames light gray.,Form capsule headline text 26px white text. Accordion question row titles text 18px.,Toggling an accordion row triggers smooth max-height interpolation layout transitions while right chevron icons cross-rotate.,"faq-dashboard, capsule-conversion-card, interactive-accordion-stack, step",Specialized software product use-case overviews, regulatory phase checklists, walkthroughs.
FAQ-06,FAQs,Wireframe Matrix Accordion FAQ,Structured full-width FAQ interface designed to manage text accordion rows over an engineering coordinate backdrop.,Solid deep charcoal black background field canvas layer overlaid with an infinite high-precision layout matrix.,Section main heading text 44px bold. Accordion question row titles text 18px regular tracking.,Accordion expansion row toggle events trigger height layout shifts from 0 to 1fr via smooth max-height interpolation.,"accordion-matrix-faq, wireline-grid-dividers, technical-coordinate, clean",FAQ panels, core product feature specifications documentation blocks, tutorials.
FT-01,Footers,Structured Clean-Tech Subscription Footer,Deep clean-tech conversion directory footer layering an upper subscription form over a giant text watermark.,Solid deep dark-green canvas background field #031605. Bottom layer hosts dark watermark typography.,Newsletter capture title text 22px. Link categories bold white text 16px.,Lime green social circle button interaction triggers soft radial green drop shadow changes box-shadow alterations.,"clean-tech-footer, newsletter-capture, directory-columns, giant-watermark",Corporate clean-tech base footers, energy sector directory closures.
FT-02,Footers,Luminous Mesh Capsule Footer,Long rounded capsule container footer housing centered action arrays over large brand background text watermarks.,Deep dark slate page canvas hosting an inner capsule box filled with fire coral to electric cyan neon mesh.,Capsule frame corner metrics 32px border-radius. Title text 44px white text layers.,Inner neon gradient mesh fields execute slow-duration transformation coordinate drift loops to simulate moving gas light wells.,"capsule-footer, neon-mesh, brand-watermark, centered-conversion",Closure conversion landing fields, premium SaaS corporate footers.
FT-03,Footers,Minimal Gradient Baseline Utility Footer,Slate-blue gradient wash footer spreading link column paths left, balancing brand scripts right.,Dark slate-blue gradient wash canvas layer moving light slate tops into high-density navy footings.,Upper motto title text 28px bold white text. Directory column headers text 16px.,Right-aligned primary blue contact capsule button executes continuous background radial pulse light cycle loops.,"minimal-footer, gradient-wash, directory-columns, clean-alignment",Baseline corporate footers, utility directory layouts.
FT-04,Footers,Low-Contrast Minimalist Contact Closure,Low-contrast directory footer layout centering a giant email headline below an absolute full-width color bleed.,Solid matte deep charcoal black layout backdrop canvas background layers. Fluid turquoise mesh wash.,Topbar utility navigation links spacing 24px. Directory column link headers bold white text 16px.,Directory link anchors execute immediate font color weight conversion from dark gray to solid white text lines on hover.,"minimalist-footer-closure, neon-gradient-bleed, email-capture-form, footer",Baseline corporate footers, main closing conversion modules, legal directories.
FT-05,Footers,Technical Coordinates Footer Closure,Deep low-contrast directory footer layout focusing an email capture form over an engineering line matrix.,Dark slate-blue to charcoal wash background field overlaid with an infinite high-precision layout matrix.,Main headline 42px miniature white text layers. Baseline directory social icons row gap 16px.,Background technical line wirelines execute slow, ongoing automated keyframe opacity shimmer loop animation patterns.,"technical-coordinate-footer, email-capture-form, minimal-directory, dark-mode-closure",Baseline corporate footers, agency conversion closure folds, contact directory layouts.
FT-06,Footers,Wide Gradient Tech Directory Footer,Clean corporate directory footer closure layout focusing an email capture row and a large left-heavy brand logo mark.,Deep dark slate charcoal page canvas field. Low-contrast script typography design watermark 'VOXA'.,Upper row capture headline text 42px white. Directory menu link filters spacing 24px.,Directory menu link anchors execute immediate font color weight conversion from dark gray to solid white text lines on hover.,"minimalist-footer, giant-watermark-base, email-capture-form, horizontal",Flagship corporate footers, closure conversion landing fields, contact directory panels.
TEST-01,Testimonials,Framed Carousel Testimonial Slider,Social proof slider track centering an active portrait photo block between inward angled text quote cards.,Solid rich matte black canvas background backdrop template lines #000000.,Section header title text 42px. Portrait asset module borders rounded 20px.,Carousel lane stage transition shuffles card matrix horizontally while altering Y-axis rotation filters.,"testimonial-slider, dark-mode, hanging-quotes, asymmetrical-carousel",Customer reviews hubs, case study carousels, social proof grids.
TEST-02,Testimonials,Perspective Video Testimonial Slider,3-column review carousel angling left and right text cards inward toward a flat center portrait video card.,Solid deep charcoal felt canvas background backdrop template lines #121212. Center frame rounded 20px.,Category tag label text 14px green. Main header title text 60px uppercase.,Carousel navigation actions translate cards horizontally while altering Y-axis rotation degrees to flatten incoming items.,"perspective-slider, 3d-carousel, video-testimonials, dark-mode-review",Social proof video hubs, customer success stories, interactive testimonial walls.
TEST-03,Testimonials,Supply Chain Bento Testimonial Grid,Structured clean corporate 4-pane bento-box testimonial system mixing bold statement cards with reviews.,Clean uniform off-white layout canvas sheet layer #F3F7FA.,Card display text 28px bold white. Center profile review photo fields inside light-blue panels.,Bento container blocks prompt subtle elevation changes via drop shadow manipulation and an active scale shift on mouse hover triggers.,"bento-testimonials, dark-teal-gradient, profile-portraits, clean-corporate",Client feedback dashboards, social proof bento matrices, product success stories.
TEST-04,Testimonials,Asymmetrical Carousel Review Wall,Immersive light-mode social proof review module distributing four vertical white cards across a wide horizontal track.,Full-bleed background canvas displaying an ultra-soft radial periwinkle gradient wash.,Card display text 16px regular. Client profile signature text bold black sans-serif text.,Slotted interaction triggers translate the carousel track on X-axis while lifting container wrapper height parameters.,"testimonial-carousel, high-key-social-proof, clean-corporate, slider",Customer reviews hubs, case study carousels, social proof grids.
TEST-05,Testimonials,Inverted Contrast Review Board,Elite dark-mode testimonial matrix balancing three vertical bento cards left with a right text marker highlight block.,Solid deep charcoal black surface canvas backdrop template lines #111112. Content cards dark gray #161618.,Main headline 44px bold white, green marker highlight box text 16px bold tracking.,Horizontal carousel stage swipe controls translate active review cards along X-axis while smoothly expanding shadows.,"testimonial-board-matrix, inverted-color-split, text-marker-highlight, dark",Customer reviews hubs, case study walls, platform social proof carousels.
TEST-06,Testimonials,Symmetrical Social Proof Slider,High-key customer review carousel distributing white options cards above centered circular navigation buttons.,Solid pristine off-white sheet layout canvas layer #FFFFFF. Card wrappers box shadow metrics.,Section main title 42px extra bold. Testimonial copy text regularRegular font weight tracking.,Slotted interaction triggers translate the carousel track on X-axis while lifting container wrapper height parameters.,"testimonial-slider, high-key-social-proof, clean-corporate, symmetrical-carousel",Customer reviews hubs, case study carousels, social proof grids.
CON-01,Contact Sections,Atmospheric Application Contact Form,Ethereal registration hero centering a glassmorphic input panel over giant overlapping background display titles.,Photographic canvas displaying bright white cumulus cloud banks fading upwards into periwinkle sky washes.,Background title text layout 88px bold navy text. Inset input fields inside 2x2 grid.,Mouse click actions into input fields toggle border stroke properties into a glowing electric-blue active state.,"contact-hero, glass-form, sky-gradient, overlapping-typography",Main agency contact forms, partner request screens, registration hubs.
CON-02,Contact Sections,Brutalist Typographic Form Overlap,High-impact brutalist portal section stacking a floating matte black form card container over canvas-filling background typography.,Off-white sheet layout layer background layers #F9F9F9 split down center via 1px vertical wirelines.,Brutalist background text 110px condensed. Floating form container matte black #111111.,Page scroll tracking metrics scissor the background text blocks horizontally in opposite directions behind the fixed card.,"brutalist-grid, overlapping-form, giant-typography, high-contrast-brutalist",Conversion funnel endfolds, creative studio contact portals, registration blocks.
CON-03,Contact Sections,Brutalist Capture Form Grid Matrix,High-impact brutalist split block balancing bulleted benefits lists left with a towering yellow-framed capture form right.,Solid matted deep charcoal black background field canvas layer #0B0B0B. Capture form card panel.,Left title heading text 38px neon yellow. Form card main title text 42px uppercase yellow.,Mouse click entries into individual form input field lines toggle border stroke properties into neon-yellow active states.,"brutalist-form-matrix, neon-yellow-accents, benefits-checklist, dark-mode",Main closing conversion modules, enterprise registration sign-on gates, lead captures.
CON-04,Contact Sections,High-Contrast Split-Pane Contact Closure,Corporate conversion closure footer balancing a solid neon orange link directory left with a dark capture form right.,Split canvas base: left 50% neon orange field canvas, right 50% solid deep black page canvas sheet.,Orange pane headline text 60px extra bold white. Right input fields dark rounded box blocks.,Hovering text anchors inside the orange pane dynamically expands a bold white baseline row underline element on mouse entry.,"split-color-closure, neon-orange-pane, form-input-matrix, directory-menu",Main company contact closures, agency lead capture endfolds, registration form gate panels.
CTA-01,Call-to-Action (CTA) Sections,Scattered Thumbnail Call-to-Action Grid,High-contrast closure fold floating a matrix of vibrant multimedia illustration frames over centered text folds.,Deep charcoal black texture canvas field background textures #111111 with vertical engineering lines.,Title header display text 56px bold uppercase text. Mint-green capsule text 16px.,Cursor movement across the workspace coordinates triggers mouse-responsive parallax translation offsets.,"scattered-grid, parallax-thumbnails, centered-cta, high-contrast-dark",Bottom-of-page CTA funnels, agency conversion folds, creator studio landings.
CTA-02,Call-to-Action (CTA) Sections,Inverted Contrast Dual-Pane Block,Elite social proof section balancing a giant center text quote right with an oversized diagonal-cut portrait card left.,Solid vibrant golden-yellow field canvas, transitioning right into white radial gradient wash mesh spots.,Right headline display text 42px bold. Context sub-link headers regular weight tracking.,Hovering individual anchors inside right pane dynamically expands a bold white baseline row underline element on mouse entry.,"diagonal-cut-portrait, inverted-color-split, large-scale-quote, b2b",High-value client feedback dashboards, bottom-of-island conversion fields.
CTA-03,Call-to-Action (CTA) Sections,Capsule Closure Conversion Footer,Deep corporate directory footer closure layout centering an upper capsule conversion card over a 3-column index.,Clean white upper canvas transitioning down into a solid deep slate navy baseline footing fold track.,Card title text 36px white. Directory column headers bold white text 16px.,Directory link selections execute immediate font color weight conversion from dark gray to solid white text lines on hover.,"capsule-conversion-card, geometric-glass-backdrop, directory-link-grid, sub",Primary main closing conversion modules, enterprise platform baseline footers, legal directories.
CTA-04,Call-to-Action (CTA) Sections,Giant Chroma Wordmark Transition Banner,Ultra-minimalist branding transition banner designing giant gradient text block logos beside vertical resource link lists.,Solid deep dark slate charcoal horizontal strip ribbon background field. Diamond card icon mark.,Ribbon headline text 42px white. Sub-footer legal utility anchors spacing 16px.,Gradient text block logo performs an automated horizontal entry slide translation onto the stage track on load visibility.,"ribbon-banner, gradient-typography-logo, brutalist-text-cta, sub-footer",Bottom-of-page closure ribbons, agency portfolio base rows, creative transitions.
MIN-01,Minimalist Design Tiers,Asymmetrical Floating Step Matrix,Editorial process section layering giant background typography behind staggered matte black feature cards.,Solid off-white canvas layout background #F9F9F9. Background text 120px light gray.,Top index code enclosed in brackets '[1]'. Swatch containers rounded 12px with high padding tracking.,Step cards translate vertically at different ratios over static background text strings on scroll view.,"staggered-bento, giant-typography, gradient-swatches, process-flow",Core methodology overviews, operational roadmap folds, step-by-step corporate execution guides.
MIN-02,Minimalist Design Tiers,Asymmetrical Portrait & Capability Split,Editorial clean agency feature section offsetting stacked portrait mosaics left with a 4-part value listing matrix right,Solid pristine off-white canvas backdrop layer #FFFFFF. Value block heading text layers 20px.,Left mosaic headline text 42px condensed black. Integrated blue icon well radius 24px.,Value card hover coordinates translate text metadata rows upwards while executing a subtle icon well spring lift translation.,"split-capability-layout, mosaic-portrait-cards, clean-alignment, b2b-feat",Main agency about-page values, core corporate pillars summaries, capabilities sheets.
MIN-03,Minimalist Design Tiers,Minimal Category Grid Showcase,Staggered lightweight division row distributing pastel-colored square cards under centered category filters.,Solid clean off-white canvas layout backdrop canvas field background sheets #F9F6F2. Pastel panels white frames.,Top main title text 42px navy. Navigation anchor links spacing 20px.,Hover vectors over card modules trigger an asymmetrical vertical translation lift translateY(-8px) and interior photo scale.,"category-grid, pastel-cards, minimalist-photography, staggered-alignment",Educational category overviews, e-commerce division matrices, portfolio classification selectors.
MIN-04,Minimalist Design Tiers,Minimal Balanced Step Walkthrough Block,Clinical 4-column capabilities section balancing an upper process title block with an info-dense vertical step timeline.,Solid clean off-white canvas layout field paneling with zero structural lines or gradients.,Main section heading text 42px bold. Step timeline text titles 20px bold.,Hovering over horizontal step card frames smoothly expands container drop shadow values and executes vertical translation.,"step-walkthrough-grid, minimal-icon-wells, symmetrical-text, clean-alignment",Corporate service overviews, core capabilities walkthrough overviews, checklists.
ORG-01,Organic Field / Clean-Tech Tiers,Alternating Industrial Capability Row,Clinical alternating 2-row grid format balancing corporate value summaries with architectural industrial imagery.,Pristine uniform white layout canvas backdrop canvas field #FFFFFF.,Left green text label 'SOLUTION'. Card headings 32px bold black sans-serif.,Scrolling individual card frames dynamically lifts the container wrapper and expands drop shadows of inner metric tags.,"alternating-grid, b2b-minimalist, warehouse-photography, floating-metrics",Enterprise capability summaries, supply chain value breakdowns, commercial operations portfolios.
ORG-02,Organic Field / Clean-Tech Tiers,Clean Pastel Radial SaaS Hero,Elite airy SaaS hero layout tracking centered high-key display text above a balanced baseline deck of pastel data cards.,Full-bleed clean canvas base layer showing ultra-soft periwinkle radial gradient wash mesh spotlights.,Main headline 58px, bright neon-lime background marker highlight box 'Charge Sales'.,Baseline deck cards execute automated staggered entry animations, sliding upwards into row layout with a smooth easing curve.,"pastel-bento-hero, text-marker-highlight, radial-gradient, saas-dashboard",Principal landing heroes for sales automation platforms, CRM tools, or AI enterprise dashboards.
ORG-03,Organic Field / Clean-Tech Tiers,Milestone Progress Checklist Row,Educational 2-column feature walkthrough coordinating a vertical checklist timeline with a large workspace photo card.,Solid clean off-white canvas layout field paneling #FDFBF7.,Two-row headline 36px bold. Right landscape photo hosts absolute green block out badge layer.,Milestone circle nodes illuminate sequentially downwards along the vertical dashed tracking wireline track on view entry.,"milestone-checklist, dashed-timeline, overlapping-badge, educational-ui",Training value walkthroughs, company core values charts, platform onboarding lists.
ORG-04,Organic Field / Clean-Tech Tiers,Frosted Glass Capsule Botanical Showcase,Organic product feature grid centering three glassmorphic capsules over full-bleed photographic green branch layers.,Clean uniform off-white layout canvas sheet layer #FFFFFF. Botanical branch asset center axis.,Card heading text 20px bold black. Description copy regular regular Regular weight tracking metrics bounds.,Move gestures across coordinates trigger gentle independent keyframe translation float offsets across glassmorphic shapes.,"glassmorphic-capsules, botanical-assets, organic-product-ui, interlocking",Natural product ingredient lists, e-commerce core walkthrough overviews, wellness.
ORG-05,Organic Field / Clean-Tech Tiers,Frosted Glass Capsule Botanical Showcase (Var),Symmetrical wellness platform overview aligning three vertical frosted glass columns over full-bleed panoramic moss fields.,Full-bleed panoramic photographic portrait of rolling green moss-covered agricultural hills.,Upper headline text 42px. Inset circular card container radius 14px.,Viewport card intersection visibility prompts underlying green moss color pixels to dynamically distort under glass panels.,"glassmorphic-capsules, panoramic-nature-field, organic-product-ui, align",Wellness platform value propositions lists, natural product ingredient lists, overviews.
EDT-01,Editorial & Structural Gallery Tiers,Cinematic Dark Strip Ribbon Banner,Ultra-minimalist dark-mode baseline ribbon marquee centering an isolated art frame box inside scrolling typography.,Solid deep charcoal black horizontal strip ribbon background field #111111.,Background condensed gray lettering 110px. Center portrait art frame rounded 12px.,Giant background text executes slow, infinite horizontal marquee crawl on X-axis right-to-left beneath static center box.,"ribbon-banner, infinite-text-marquee, centered-art-frame, dark-mode-transition",Bottom-of-page closure ribbons, portfolio base rows, minimal contact transitions.
EDT-02,Editorial & Structural Gallery Tiers,Alternating Capsule Portfolio Matrix,Minimalist capabilities slider marquee tracking active portrait containers complete with right-anchored arrow badges.,Solid clean off-white canvas layout backdrop canvas field background sheets #FAF8F5.,Card text titles 20px bold. Photo card text check list tags.,Slide controls shift the service track horizontally along X-axis while cross-fading inner photo frames dynamically on click.,"portfolio-gallery-grid, horizontal-carousel, floating-arrow-cta, editorial",Core agency capabilities showcases, creative studio portfolio carousels, categories.
EDT-03,Editorial & Structural Gallery Tiers,Vertical Ribbon Marquee Showcase,Clinical 7-column service grid balancing an active expanded photo card left with towering vertical ribbon marquee strips right.,Solid clean off-white canvas layout backdrop canvas field #F9F9FA. Row grid dividers vertical lines.,Section title heading text 38px bold black text rows. Active card heading text layers 24px.,Hover actions over narrow column strips smoothly expand horizontal layout width proportions while compressing adjacent fields.,"vertical-accordion-grid, editorial-columns, ribbon-marquee, text-symmetrical",Core agency capabilities lists, software portfolio category overviews, portals.
EDT-04,Editorial & Structural Gallery Tiers,Asymmetrical Gallery Matrix,Advanced information-dense amenities block pairing an extra-large text block left with three multi-scale layout cells right.,Pristine uniform off-white layout canvas layer with zero lines or gradients. Multi-scale cards.,Left title headline text 44px bold. Capsule button text layers 16px copper.,Move gestures across coordinates trigger independent horizontal and vertical translation float offsets across image cells.,"asymmetrical-gallery, multi-scale-cards, luxury-lifestyle, retreat",Boutique hotel amenities showcases, asset catalog overviews, experience designs.
EDT-05,Editorial & Structural Gallery Tiers,Vertical Index Property Switcher,Advanced real estate switcher module balancing vertical text list options left with a large property showcase frame right.,Solid clean off-white canvas layout background layer. Showcase frame landscape portrait.,Main title display text 42px uppercase. Property details progress text layers regular weight.,Toggling vertical index text links instantly clears right-hand media pane and fades incoming property photo asset via sweep.,"vertical-index-switcher, property-showcase-frame, architectural-bento, clean",Vacation rental catalogs, real estate asset overviews, directory switchers.
EDT-06,Editorial & Structural Gallery Tiers,Property Recommendation Deck Split,Structured conversion module splitting a giant uppercase headline above a horizontal row of two property cards.,Solid pristine off-white canvas layout background layer. Photo cards full portrait frames.,Section title heading text 44px uppercase. Property details text layers regular font weights.,Hover actions over individual horizontal card containers prompt a subtle container elevation change via drop shadow manipulation.,"recommendation-deck, landscape-property-cards, symmetrical-alignment, travel",Product recommendation sliders, cross-selling real estate blocks, catalogs.
EDT-07,Editorial & Structural Gallery Tiers,Editorial Property Description Stack,Hospitality process layout splitting vertical text columns left and asymmetrical landscape photo gallery tracks right.,Solid clean off-white canvas layout background #FFFFFF. Gallery cards rounded 16px.,Upper headline text 48px uppercase. Column feature list check metrics.,Gallery row track entry coordinates translate horizontal card panels smoothly along X-axis while cross-fading inner photos.,"split-header-matrix, asymmetrical-gallery-slider, two-column-copy-block, travel",Main property specification walkthrough modules, real estate about-page blocks.
EDT-08,Editorial & Structural Gallery Tiers,Multi-Tabbed Category Amenity Grid,Symmetrical capabilities grid row layout aligning four portrait photo panels below top horizontal filter links.,Solid clean off-white canvas layout backdrop canvas field background sheets #FFFFFF. Photo cards rounded.,Section title heading text 42px uppercase bold. Link filter text layers 20px regular weights.,Toggling separate filter menu headers instantly clears core grid panel and fades incoming amenity photo frames via curves.,"category-filter-bar, amenities-grid, symmetrical-alignment, b2b-corporate",Property amenities showcases, e-commerce catalog main frames, portfolio grids.
EDT-09,Editorial & Structural Gallery Tiers,Editorial Museum Exhibition Banner,High-impact brutalist portal stacking a floating text card over a fanned horizontal marquee row of artwork cards.,Clean solid white background layer layout canvas. Artwork ribbon cards rounded 16px.,Marquee background text 82px bold. Exhibition card sub-caption text layers 14px regular weight.,Hover actions over narrow column strips smoothly expand horizontal layout width proportions while compressing adjacent fields.,"brutalist-text-marquee, overlapping-canvases, vertical-accordion-grid, history",Main heroes for art galleries, exhibition collection launches, timelines.
EDT-10,Editorial & Structural Gallery Tiers,Fine-Art Chronological Flagship Hero,Immersive art museum hero section tracking an open navigation top-bar above a multi-layered cascade of portrait art frames.,Clean white sheet layout canvas backdrop layer. Portrait art cells feature index paths '01'.,Main display headline 64px bold, cursive text script logo overlay 'of' in rich coral tone.,Move gestures or page scroll sequences trigger independent horizontal and vertical translation float offsets across layers.,"fine-art-hero, cursive-typography-overlay, overlapping-media-cards, alignment",Principal landing heroes for art institutions, digital portfolio indices.
EDT-11,Editorial & Structural Gallery Tiers,Asymmetrical Property Experience Grid,Advanced information-dense real estate features listing pairing an asymmetrical uppercase display title left with cards right,Solid pristine off-white canvas layout background layer. Photo cards horizontal card rows.,Section title heading text 42px uppercase. Property details text layers regular font weights.,Hover actions over individual gallery card containers prompt a subtle vertical translation lift alongside an active scale.,"asymmetrical-gallery-matrix, multi-scale-cards, luxury-lifestyle, onboarding",Boutique hotel amenities showcases, asset catalog overviews, experience designs.
EDT-12,Editorial & Structural Gallery Tiers,Wireframe Directory Matrix Footer,Minimalist corporate footer layout managing text row marquee cells over a wireframe grid matrix track.,Pristine uniform white canvas base layer #FFFFFF bordered by gray vertical layout lines.,Module main heading text 42px bold. Cell index tag text layers 14px regular tracking fields.,Hover actions over individual directory anchors prompt an immediate typography color conversion from dark gray to black text.,"wireline-grid-dividers, minimal-directory, brutalist-text-marquee, sub-footer",Baseline corporate footers, agency conversion closure folds, contact layouts.
EDT-13,Editorial & Structural Gallery Tiers,Milestone Checklist Accordion Panel,Educational 2-column feature walkthrough coordinating a vertical checklist timeline left with horizontal options right.,Solid clean off-white canvas layout field paneling with zero structural lines or gradients.,Two-row headline 38px uppercase bold. Active choice card features top absolute green badge.,Checklist circle nodes illuminate sequentially downwards along the vertical dashed tracking wireline track on view entry.,"milestone-checklist, horizontal-accordion-stack, overlapping-badge, travel",Property onboarding lists, tactical feature summary blocks, company charts.
EDT-14,Editorial & Structural Gallery Tiers,Advanced Booking Scheduler Stage,Advanced user booking scheduler stage balancing interactive dropdown fields left with showcase photo frames center.,Pristine uniform off-white layout canvas layer #FFFFFF. Summary conversion card panel white text layers.,Step timeline progress title text 16px. Statistical numeric layout text 44px regular black.,Mouse click entries into individual form dropdown field lines toggle border stroke properties into dark-teal active states.,"booking-scheduler-stage, step-progression-baseline, horizontal-split-pane, checkout",User portal registration sign-on gates, client booking calendars gateways.
EDT-15,Editorial & Structural Gallery Tiers,Minimal Balanced Text Statement Block,Typographic capability statement module featuring large regular gray text strings overlaid with copper accent text nodes.,Solid clean off-white canvas layout field paneling with zero structural lines or gradients.,Main display typography block 38px bold. Statement highlight phrase text layers bold regular.,Hovering individual cursor coordinates over the highlighted statement text triggers an immediate typography font weight shift.,"capabilities-statement, copper-accent-type, two-column-copy-block, clean",Company core mission statements, agency capability overviews, feature summary blocks.
EDT-16,Editorial & Structural Gallery Tiers,Advanced Booking Scheduler Stage (Var),Advanced user booking scheduler stage balancing vertical list options left with horizontal selection bento cards center.,Pristine uniform off-white layout canvas layer #FFFFFF. Summary conversion card panel white text layers.,Step timeline progress title text 16px. Statistical numeric layout text 44px regular black.,Hovering over individual horizontal resource cards smoothly elevates the target container wrapper and expands drop shadow.,"booking-scheduler-stage, step-progression-baseline, bento-cards-stack, fintech",Technical marketing documentation indices, product guide libraries, client booking calendars.
B2B-01,B2B Corporate & Fintech Overviews,Asymmetrical Interactive Use-Case Split,Editorial B2B feature layout split anchoring a vertical accordion panel left and multi-layered visual cards right.,Solid crisp white layout field canvas #FFFFFF. Accordion frames off-white #F5F5F5.,Section title headline 38px bold. Accordion collapsed tiers row gap metrics 16px.,Toggling separate use-case menu rows smoothly executes height text crossfades while instantly swapping right visual cards.,"split-use-case, interactive-accordion, layered-mockups, b2b-features",Industry vertical deep-dives, custom product use-case overviews, target persona walkthroughs.
B2B-02,B2B Corporate & Fintech Overviews,Pastel Aurora Glass Feature Deck,Symmetrical 4-column feature deck row distributing vertical bento cards filled with multi-colored aurora spots.,Pristine uniform white canvas backdrop layer #FFFFFF.,Card headings 22px bold black sans-serif. Inset circular glassmorphic icons well radius 24px.,Hovering over cards prompts underlying color mesh gradients to shift coordinate tracking parameters smoothly over easy curves.,"pastel-aurora, glassmorphism-icons, bento-features, symmetrical-deck",Platform core capability listings, specialized tool features, technical value propositions.
B2B-03,B2B Corporate & Fintech Overviews,Inset Workspace Dashboard Split,Editorial 2-column layout split coordinating structured vertical milestone checklists with an extra-large software mockup.,Clean white sheet layout canvas backdrop layer #FFFFFF. Mockup dashboard frame light gray.,Primary headline 42px bold, text marker highlight box 'Accelerate Growth'.,Viewport intersection visibility prompts inner concentric circular pipeline charts to dynamically paint via path stroke sweep.,"dashboard-mockup, text-marker-highlight, checklist-timeline, editorial-feature-split",Operational capabilities breakdowns, CRM product values overviews, enterprise value walkthroughs.
B2B-04,B2B Corporate & Fintech Overviews,Low-Contrast Minimalist Contact Closure,Low-contrast directory footer layout centering a giant email headline below an absolute full-width color bleed.,Solid matte deep charcoal black layout backdrop canvas background layers. Fluid turquoise mesh wash.,Topbar utility navigation links spacing 24px. Directory column link headers bold white text 16px.,Directory link anchors execute immediate font color weight conversion from dark gray to solid white text lines on hover.,"minimalist-footer-closure, neon-gradient-bleed, email-capture-form, footer",Baseline corporate footers, main closing conversion modules, legal directories.
B2B-05,B2B Corporate & Fintech Overviews,Technical Coordinates Footer Closure,Deep low-contrast directory footer layout focusing an email capture form over an engineering line matrix.,Dark slate-blue to charcoal wash background field overlaid with an infinite high-precision layout matrix.,Main headline 42px miniature white text layers. Baseline directory social icons row gap 16px.,Background technical line wirelines execute slow, ongoing automated keyframe opacity shimmer loop animation patterns.,"technical-coordinate-footer, email-capture-form, minimal-directory, dark-mode-closure",Baseline corporate footers, agency conversion closure folds, contact directory layouts.
B2B-06,B2B Corporate & Fintech Overviews,Wide Gradient Tech Directory Footer,Clean corporate directory footer closure layout focusing an email capture row and a large left-heavy brand logo mark.,Deep dark slate charcoal page canvas field. Low-contrast script typography design watermark 'VOXA'.,Upper row capture headline text 42px white. Directory menu link filters spacing 24px.,Directory menu link anchors execute immediate font color weight conversion from dark gray to solid white text lines on hover.,"minimalist-footer, giant-watermark-base, email-capture-form, horizontal",Flagship corporate footers, closure conversion landing fields, contact directory panels.
B2B-07,B2B Corporate & Fintech Overviews,Supply Chain Bento Testimonial Grid,Structured clean corporate 4-pane bento-box testimonial system mixing bold statement cards with reviews.,Clean uniform off-white layout canvas sheet layer #F3F7FA.,Card display text 28px bold white. Center profile review photo fields inside light-blue panels.,Bento container blocks prompt subtle elevation changes via drop shadow manipulation and an active scale shift on mouse hover triggers.,"bento-testimonials, dark-teal-gradient, profile-portraits, clean-corporate",Client feedback dashboards, social proof bento matrices, product success stories.
B2B-08,B2B Corporate & Fintech Overviews,Frosted Glass Carousel Overview,Open-layout conversion carousel tracking four vertical frosted glass cards below centered display text folds.,Full-bleed clean canvas base layer showing ultra-soft radial periwinkle gradient wash margins.,Uppercase headline category 'SALES ENGAGEMENT'. Main card sub-headers 24px bold text layers.,Horizontal carousel stage swipe translates cards along X-axis while smoothly enhancing backdrop blur filter density.,"frosted-glass-cards, horizontal-carousel, centered-conversion-cta, saas-showcase",Product suite modules list, platform ecosystem overviews, software workflow walkthroughs.
B2B-09,B2B Corporate & Fintech Overviews,High-Contrast Centered Bento Pricing,Structured 3-column pricing grid utilizing a prominent centered "Bento-Box" design layout where the highest-value plan physically pops out.,Pristine uniform light gray canvas background paneling #F9F9FA. White card backings #FFFFFF.,Plan title text 44px bold. Center professional plan card features top absolute capsule badge.,Hover actions over individual pricing bento cards prompt a subtle container elevation change via drop shadow manipulation.,"pricing-grid, bento-pricing-matrix, color-inversion-block, centered-conversion",Tiered subscription plans, software membership plans blocks, service upgrades matrices.
B2B-010,B2B Corporate & Fintech Overviews,Technical Coordinates Footer Matrix,Deep low-contrast directory footer layout focusing an email capture form over an engineering line wireline matrix.,Dark slate-blue to charcoal wash background field overlaid with an infinite high-precision layout matrix.,Main headline 42px crisp white text layers. Baseline directory social icons row gap 16px.,Background technical line wirelines execute slow, ongoing automated keyframe opacity shimmer loop animation patterns.,"technical-coordinate-footer, email-capture-form, minimal-directory, dark-mode-closure",Baseline corporate footers, agency conversion closure folds, contact directory layouts.
B2B-11,B2B Corporate & Fintech Overviews,Inline Horizontal Capabilities Slider,Minimalist capabilities slider marquee tracking dark landscape service cards complete with 3D isometric machinery.,Solid clean off-white canvas layout backdrop canvas field #FFFFFF. Card backing matte teal #0D1F22.,Amount heading text 38px bold white. Center active card features light-blue asset box.,Slider navigation controls shift row panels horizontally along X-axis while cross-fading card background properties.,"capabilities-slider, horizontal-carousel, b2b-minimalist, isometric-illustrations",Core enterprise capabilities showcases, technical service portfolio category overviews.
B2B-12,B2B Corporate & Fintech Overviews,Symmetrical Social Proof Slider,High-key customer review carousel distributing white options cards above centered circular navigation buttons.,Solid pristine off-white sheet layout canvas layer #FFFFFF. Card wrappers box shadow metrics.,Section main title 42px extra bold. Testimonial copy text regularRegular font weight tracking.,Slotted interaction triggers translate the carousel track on X-axis while lifting container wrapper height parameters.,"testimonial-slider, high-key-social-proof, clean-corporate, symmetrical-carousel",Customer reviews hubs, case study carousels, social proof grids.
B2B-13,B2B Corporate & Fintech Overviews,Trusted Partner Marquee Baseline,Sleek educational baseline panel pairing a horizontal partner logo row with a 3-column success metrics table.,Solid pristine off-white sheet layout canvas layer #FFFFFF.,Partner banner headline text 16px. Statistical metrics text 44px regular black tracking.,Viewport intersection triggers automated rapid digital odometer counting loops across percentage digits row-by-row on load.,"trusted-partner-row, corporate-marquee, metric-grid, social-proof-baseline",Core platform success statistics, customer acquisition proofs, partner marquee baselines.
B2B-14,B2B Corporate & Fintech Overviews,High-Fidelity Split Identity Login Card,Elite gateway interface enclosure centering a 2-column entry card built with dark brand badges and white forms.,Soft light sky-blue wash gradient backdrop field canvas layers behind central card layouts.,Form title heading text 22px bold. Input field boxes placeholder typography text regular.,Mouse click entries into individual form input field lines toggle border stroke properties into dark-teal active states.,"login-card, split-identity-form, social-sign-on, b2b-gateway",User portal sign-on screens, client onboarding gateways, entry form dashboards.
B2B-15,B2B Corporate & Fintech Overviews,Dark Linear Metric Core Showcase,High-contrast value grid tracking a vertical 4-column array of matte dark boxes filled with neon blue glyphs.,Solid deep charcoal black surface canvas backdrop #0D0D0D. Content cards matte black #121212.,Main headline display text 52px uppercase white text. Highlight phrase 'EMOTION' in blue text.,Central neon-blue vector icons execute a continuous automated slow-duration radial brightness pulse animation cycle.,"dark-mode-grid, neon-blue-glyphs, asymmetrical-header, value-proof",Platform core capability overviews, product value propositions, strategic pillars charts.
B2B-16,B2B Corporate & Fintech Overviews,Centered Isomorphic Supply Chain Hero,B2B tech landing hero centering an oversized global network blueprint chart above stacked conversion buttons.,Pristine uniform off-white layout canvas layer #FFFFFF. Globe asset turquoise mesh gradients.,Giant headline display layout 56px dark slate blue text layers. Description copy regular weight.,Logic schematic dashed layout paths execute continuous automated SVG dash-offset texturing flow lines across the globe.,"isometric-network-hero, global-reach, b2b-saas, centered-conversion",Flagship landing pages for supply chain platforms, global B2B operations tools, logistics dashboards.
B2B-17,B2B Corporate & Fintech Overviews,Dynamic Fluid Liquid-Core Creative Hero,Ultra-modern agency hero framing a rotating 3D fluid art sculpture behind giant text rows and capability marquees.,Light gray to periwinkle gradient wash backdrop overlaid with giant low-contrast watermark 'DESIGNCY'.,Extra bold headline text 60px black. Integrated dark capsule button arrow badge '↗' in row.,Central 3D fluid chrome sphere executes an automated continuous keyframe mesh transformation loop animation over easy curves.,"3d-liquid-core, watermark-backdrop, capsule-video-tab, capability-marquee",Main landing heroes for creative digital agencies, production studios, brand design portfolios.
B2B-18,B2B Corporate & Fintech Overviews,Editorial Checklist Progression Split,2-column feature split coordinating vertical milestone checklists with an absolute overlapping analytics panel.,Solid pristine off-white canvas layout background layer #FFFFFF. Checklist cards white capsule shapes.,Primary headline 42px bold black sans-serif. Overlapping analytics panel text layers 18px.,Viewport visibility triggers automated rapid digital odometer counting loops across vertical metrics check boxes on load.,"vertical-checklist, overlapping-analytics, b2b-minimalist, step-progression",Operational roadmap walkthroughs, product value charts, corporate onboarding progression modules.
B2B-19,B2B Corporate & Fintech Overviews,Parallax Whirlpool Loop Footer,Corporate directory footer layout centering an upper whirlpool vortex conversion banner over a 4-column index.,Clean white upper canvas transitioning down into a solid deep slate navy baseline footing fold track.,Card title text 36px white. Directory column headers bold white text 16px. Sub-link blue regular.,Full-bleed blue vortex background image layer executes a scroll-driven parallax velocity shift relative to frame bounds.,"whirlpool-vortex, capsule-conversion-card, directory-link-columns, sub-footer",Enterprise platform baseline footers, main closing conversion modules, legal directories.
B2B-20,B2B Corporate & Fintech Overviews,Scattered Abstract Division Board,Editorial portfolio gallery block pairing an extra-large display title with pastel panels and a floating CTA arrow.,Light gray to periwinkle soft gradient canvas base sheet layout canvas layer. Pastel cards rounded 16px.,Upper headline text 46px bold. Scattered capability capsule tags spacing 16px.,Hovering individual gallery cards prompts a subtle vertical translation lift translateY(-4px) and internal asset scale expansion.,"scattered-gallery-grid, pastel-cards, 3d-geometric-objects, floating-arrow",Agency capabilities indices, creative studio division selectors, product classification carousels.
B2B-21,B2B Corporate & Fintech Overviews,Balanced Triple-Pane Production Showcase,Clinical B2B capabilities block aligning a center header block with three rounded industrial photography frames.,Solid clean off-white canvas layout backdrop field canvas line matrix #FFFFFF.,Main title header 42px. Baseline metric counters text 36px regular black tracking.,Viewport intersection visibility prompts the four baseline metric counter digits to count up from 0 to final integers.,"production-showcase, industrial-bento-grid, metric-baseline-panel, social-proof",Enterprise product capabilities lists, industrial workflow overviews, corporate success proofs.
B2B-22,B2B Corporate & Fintech Overviews,Split-Pane Document Resource Grid,2-column resource grid matching primary report cards left with a vertical stack of custom vector illustrations right.,Pristine uniform white canvas backdrop layer #FFFFFF. Horizontal resource cards white #FFFFFF.,Left title header text 42px bold. Resource card text titles 18px bold. Button container capsule 16px.,Hovering over horizontal option boxes smoothly expands container drop shadow values and executes vertical translation lift.,"resource-grid, vector-marketing-illustrations, split-feature-layout, minimal",Technical marketing documentation indices, product guide libraries, corporate resource centers.
B2B-23,B2B Corporate & Fintech Overviews,Wide Wave-Gradient B2B Closure Banner,Corporate closure conversion footer designed around a curved full-bleed wave-gradient turquoise mesh backdrop.,Dark slate-blue to charcoal canvas background field layer. Upper wave banner turquoise-to-teal mesh.,Banner main title text 38px bold white. Directory column headers regular white text 16px.,Directory link selections execute immediate font color weight conversion from dark gray to solid white text lines on hover.,"wave-gradient-mesh, turquoise-globe-backdrop, directory-link-grid, conversion",Enterprise supply chain base footers, primary closing conversion modules, legal directories.
B2B-24,B2B Corporate & Fintech Overviews,Split-Pane Operational Sign-On Screen,High-contrast user registration entry panel balancing operator portraits left with interactive forms and timelines right.,Soft light sky-blue wash gradient backdrop field canvas layers behind central card layouts.,Form title heading text 22px bold. Input field boxes placeholder typography text regular.,Mouse click entries into individual form input field lines toggle border stroke properties into dark-teal active states.,"registration-card, split-pane-form, operator-portrait, step-progression-base",Enterprise registration sign-on gates, client portal gateways, user implementation gates.
B2B-25,B2B Corporate & Fintech Overviews,Biotech Coordinate Mesh Hero,Elite clean corporate landing hero layering an absolute 3D coordinate mesh wave pattern beneath a metrics dashboard.,Deep matter slate-gray background field canvas layer #1C2A2D. Inset wave vector mesh 3D lighting topography.,Main display title H1 text 56px bold. Baseline metrics panels text 24px regular.,Inset 3D vector mesh wave pattern executes an ongoing slow-duration wave distortion loop animation pattern across the page.,"biotech-mesh-hero, 3d-coordinate-topography, asymmetrical-metrics, conversion",Principal landing page heroes for deep-tech medical tools, biotechnical platform services.
B2B-26,B2B Corporate & Fintech Overviews,Split-Pane Visual Chronicle Progress,Editorial 2-column milestone section pairing vertical accordion stacks left with a large play media frame right.,Soft light-blue to lavender gradient wash canvas backdrop sheet layout canvas layer.,Section title headline 42px extra bold black. Left accordion cards off-white #F5F5F5.,Accordion menu row toggle paths smoothly execute vertical height text crossfades while instantly swapping right video tracks.,"split-chronicle, interactive-accordion-stack, media-showcase-frame, vector",Interactive corporate timelines, history benchmarks overviews, company milestone walkthroughs.
B2B-27,B2B Corporate & Fintech Overviews,Tabbed Multi-Pane Scenario Interaction,Advanced media walkthrough section linking active neon orange-red filter cards right with cinematic alert viewports.,Solid pristine matte black page canvas backdrop template lines #000000. Scenario frames landscape.,Filter selector heading text 18px bold uppercase. Inset text block paragraphs regular weight.,Activating alternative filter headers highlights the selected lane and triggers a swift horizontal image layout swap on click.,"scenario-simulation, neon-orange-filters, cinematic-media-frame, tabbed-ui",Specialized software product use-case overviews, real-time alert simulation modules.
B2B-28,B2B Corporate & Fintech Overviews,Cinematic Ambient Spark Media Hero,Bold editorial news landing hero centering a handheld product mockup inside a dual-tone uppercase logo marquee.,Solid deep charcoal black sheet layout canvas layer with vertical red/copper spark tracking ember fields.,Main wordmark text 64px uppercase tracking. Red contact button text 16px bold.,Underlying copper particle layers execute an ongoing automated slow-duration float keyframe loop upward on the Y-axis.,"cinematic-spark-hero, handheld-device-mockup, dual-tone-typography, live",Primary main landing heroes for digital journalism platforms, live-streaming applications.
B2B-29,B2B Corporate & Fintech Overviews,Multi-Stage Pipeline Milestone Grid,Information-dense development tracking row layering 3 horizontal white bento boxes complete with phase progress lines.,Solid deep slate-blue to charcoal wash canvas background field #0E1A1C. Bento cards rounded 12px.,Sub-header title text 24px bold black sans-serif. Column feature list check metrics.,Viewport card visibility triggers automated horizontal fill progression on the baseline milestone line tracker from left.,"milestone-bento-cards, horizontal-pipeline-bar, 3d-molecular-assets, phase",Product roadmap breakdowns, regulatory phase checklists, technical implementation modules.
B2B-30,B2B Corporate & Fintech Overviews,Symmetrical Linear Team Identity Grid,Minimal corporate team showcase grid aligning four square portrait photo cards over thin wireline dividers.,Pristine uniform off-white layout canvas layer #F9F9F9. Photo cards square headshot frames.,Uppercase role title text 14px neon red. Name signature headline 18px bold uppercase text.,Identity card hover coordinates translate text metadata rows upwards while executing a subtle grayscale-to-color image shift.,"team-showcase-grid, wireline-grid-dividers, neon-role-tags, clean-alignment",Corporate team overview grids, leadership bios, company culture showcase blocks.
B2B-31,B2B Corporate & Fintech Overviews,Overlapping Presentation Deck Collage,Abstract conversion module cascading an intricate layout matrix of white and dark landscape sheets over data models.,Clean white sheet layout canvas backdrop layer #FFFFFF. Center active card deep dark teal.,Center dashboard title text 24px white. Statement highlight phrase neon green marker box.,Move gestures or page scroll sequences trigger independent horizontal and vertical translation float offsets across deck layers.,"slide-deck-collage, donut-chart-data, text-marker-highlight, layered-cascade",Company pitch deck previews, investment summary folds, technical data overviews modules.
B2B-32,B2B Corporate & Fintech Overviews,Concentric Circle Value Proposition Grid,Brutalist features summary matrix tracking 6 oversized intersecting circle wireframes filled with neon orange icons.,Solid rich matte black canvas background backdrop template lines #000000. Circle outlines dark gray.,Circle internal text sub-headers 16px bold white text. Icon badges diameter 40px.,Overlapping dark gray wireframe circle outlines execute a slow, continuous automated rotation loop animation on center axes.,"concentric-wireframe-circles, brutalist-grid, neon-orange-icons, value-mesh",Core business value propositions lists, product advantages matrices, key features sheets.
B2B-33,B2B Corporate & Fintech Overviews,Comparative Metric Performance Panel,Diagnostic 3-column data evaluation section pairing comparison titles left with inverted horizontal data bars center.,Clean uniform high-key white layout field canvas backdrop canvas field #FFFFFF.,Section title headline 42px bold. Center traditional method card light gray backing.,Viewport intersection visibility prompts the giant '16x' statistical counter digit to scale rapidly upward from scale(0).,"comparative-data-bars, inverted-color-tier, oversized-stat-counter, b2b-mesh",Platform processing comparisons pages, performance metric benchmarks, service upgrades.
B2B-34,B2B Corporate & Fintech Overviews,High-Contrast Split-Pane Contact Closure,Corporate conversion closure footer balancing a solid neon orange link directory left with a dark capture form right.,Split canvas base: left 50% neon orange field canvas, right 50% solid deep black page canvas sheet.,Orange pane headline text 60px extra bold white. Right input fields dark rounded box blocks.,Hovering text anchors inside the orange pane dynamically expands a bold white baseline row underline element on mouse entry.,"split-color-closure, neon-orange-pane, form-input-matrix, directory-menu",Main company contact closures, agency lead capture endfolds, registration form gate panels.
B2B-35,B2B Corporate & Fintech Overviews,Split-Screen Profile Showcase Hero,Editorial 50/50 split hero page separating an immersive user profile gallery left from a right conversion CTA stack.,Clean solid white background layer layout canvas. Profile card background sky blue.,Headline display text 60px blue tracking text. Social proof badge text 14px regular weight.,Interaction triggers translate the left-hand profile cards horizontally on X-axis while smoothly scaling portrait assets.,"split-hero-layout, profile-mockup, social-proof-badge, saas-conversion",Main heroes for AI networking tools, recruitment platforms, talent matching software.
B2B-36,B2B Corporate & Fintech Overviews,Triple-Pane Graphic Feature Grid,Symmetrical 3-column feature deck row layout layering centered top text folds directly over elongated gradient cards.,Pristine uniform off-white canvas layout sheet featuring organic vector outline curves.,Card heading text 20px bold black. Description copy regular regular Regular weight tracking.,Card hover coordinates smoothly translate container wrappers vertically translateY(-8px) while expanding drop shadow radius.,"three-column-bento, gradient-wash-cards, clean-alignment, symmetrical-grid",Platform core capability walkthrough overviews, product value propositions matrices, features.
B2B-37,B2B Corporate & Fintech Overviews,High-Contrast FinTech Bento Matrix,Asymmetrical corporate capabilities section built around an asymmetrical 3-column bento design filled with 3D models.,Solid clean white canvas configuration field. Priority card panel periwinkle gradient wash.,Left title display text 48px, campaign baseline row text 14px. Data cells regular weights.,Cursor tracking coordinates trigger gentle independent vertical parallax translation offsets across 3D geometric assets.,"bento-capabilities-matrix, 3d-geometric-renders, asymmetrical-text, fintech",Corporate financial features list, bento capability matrices, core platform values charts.
B2B-38,B2B Corporate & Fintech Overviews,Flagship FinTech App Dashboard Hero,Elite financial landing hero combining centered text marker highlights with an extra-large 3D software device mockup.,Clean airy full-bleed canvas base layer showing ultra-soft periwinkle radial gradient wash margins.,Extra bold headline text 58px, periwinkle marker highlight box 'Reliable'. Input form capsule.,Scroll-driven parallax metrics translate the floating dashboard mockup window and adjacent 3D coins at independent velocity ratios.,"fintech-hero-dashboard, 3d-mockup-cascade, text-marker-highlight, gradient",Principal landing heroes for financial tools, enterprise wealth management, B2B SaaS heroes.
B2B-39,B2B Corporate & Fintech Overviews,3D Geometric Solution Bento Grid,Clinical B2B capabilities block tracking an asymmetrical bento grid layout matrix across rounded white container cells.,Solid pristine off-white canvas layout background layer #FFFFFF. Primary card panel light blue.,Section title headline 42px bold. Left wide card features top absolute capsule badge.,Hover actions over individual bento card containers prompt a subtle container elevation change via drop shadow manipulation.,"bento-services-grid, 3d-minimalist-assets, asymmetrical-alignment, b2b-corp",Corporate service overviews, core capabilities indices, product portfolio carousels.
B2B-40,B2B Corporate & Fintech Overviews,Asymmetrical Carousel Review Wall,Immersive light-mode social proof review module distributing four vertical white cards across a wide horizontal track.,Full-bleed background canvas displaying an ultra-soft radial periwinkle gradient wash.,Card display text 16px regular. Client profile signature text bold black sans-serif text.,Slotted interaction triggers translate the carousel track on X-axis while lifting container wrapper height parameters.,"testimonial-carousel, high-key-social-proof, clean-corporate, slider",Customer reviews hubs, case study carousels, social proof grids.
B2B-41,B2B Corporate & Fintech Overviews,Symmetrical Pastel Icon Division Board,Clinical capabilities grid row aligning five vertical rectangle cards filled with pastel panels and 3D objects.,Solid clean off-white canvas layout backdrop canvas field background sheets #FFFFFF. Pastel panels.,Main title heading text 42px bold black. Card subtitle headers 20px. Action capsule button.,Hover vectors over card modules trigger an asymmetrical vertical translation lift translateY(-8px) and interior photo scale.,"division-grid, pastel-cards, 3d-geometric-objects, staggered-alignment",Educational category overviews, e-commerce division matrices, portfolio classification selectors.
B2B-42,B2B Corporate & Fintech Overviews,Layered Progressive FAQ Dashboard,Elite deep-mode informational section nesting an upper capsule conversion card above a vertical accordion stack.,Solid pristine off-white canvas layout background layer #FFFFFF. Accordion frames light gray.,Form capsule headline text 26px white text. Accordion question row titles text 18px.,Toggling an accordion row triggers smooth max-height interpolation layout transitions while right chevron icons cross-rotate.,"faq-dashboard, capsule-conversion-card, interactive-accordion-stack, step",Specialized software product use-case overviews, regulatory phase checklists, walkthroughs.
B2B-43,B2B Corporate & Fintech Overviews,Vertical Milestone Timeline Progression,Educational 2-column onboarding feature split coordinating vertical dashed checklists with a dashboard mockup frame.,Solid clean off-white canvas layout field paneling with zero structural lines or gradients.,Main display title headline 44px bold. Step timeline titles 22px bold.,Milestone circle nodes illuminate sequentially downwards along the vertical dashed tracking wireline track on view entry.,"milestone-checklist, dashed-timeline, software-mockup-frame, educational",Onboarding guides, product setup processes, user implementation steps.
B2B-44,B2B Corporate & Fintech Overviews,Capsule Closure Conversion Footer,Deep corporate directory footer closure layout centering an upper capsule conversion card over a 3-column index.,Clean white upper canvas transitioning down into a solid deep slate navy baseline footing fold track.,Card title text 36px white. Directory column headers bold white text 16px.,Directory link selections execute immediate font color weight conversion from dark gray to solid white text lines on hover.,"capsule-conversion-card, geometric-glass-backdrop, directory-link-grid, sub",Primary main closing conversion modules, enterprise platform baseline footers, legal directories.
B2B-45,B2B Corporate & Fintech Overviews,Technical Wire-Grid Feature Block,Brutalist data feature grid mapping four cards bounded by thin neon yellow wirelines over an engineering pixel-grid matrix.,Solid matte black canvas sheet layer covered with a uniform yellow coordinate tracking grid matrix.,Left title text 44px condensed bold neon yellow. Inset square yellow badge icon check metrics.,Viewport intersection visibility prompts the background pixel-grid lines to execute a slow horizontal and vertical sweep loop.,"technical-coordinate, brutalist-neon, bento-capabilities, dark-mode-security",Core security features list, infrastructure protocol compliance indices.
B2B-46,B2B Corporate & Fintech Overviews,Immersive Lifestyle Portrait Folds,Organic consumer medical section layering four glassmorphic capsules over full-bleed blue radial gradient washes.,Smooth full-bleed canvas base layer showing ultra-soft cobalt blue radial gradient wash margins.,Main display title headline 48px bold. Glass capsule text rows font-size 16px white.,Move gestures across coordinates trigger gentle independent keyframe translation float offsets across glassmorphic capsule cards.,"lifestyle-portrait, glassmorphic-capsules, radial-gradient-wash, organic",Consumer health journey walkthroughs, lifestyle digital product overviews, personas.
B2B-47,B2B Corporate & Fintech Overviews,Asymmetrical Editorial Split-Pane Hero,Editorial split-pane hero separating text lists left from an interlocking diamond photo collage right.,Clean solid white background layer layout canvas. Collage portrait photo headshot frames.,Left title main text 56px bold black sans-serif text. Baseline metric statistics nodes 34px.,Hover actions over individual image cells inside the right-hand collage smoothly expand mask boundaries and scale frames.,"editorial-hero-split, diamond-collage, asymmetrical-metrics-base, agency",Main flagship landing heroes for creative design studios, advertising agencies.
B2B-48,B2B Corporate & Fintech Overviews,Technical Analytics Bento Metrics Row,Structured statistics module distributing five independent dark boxes across an asymmetrical two-row framework.,Solid matte deep black background canvas layer #050505. Bento metrics cards dark gray #121212.,Yellow coordinate path marker index line text '/RESULTS'. Metric numerical values 38px bold.,Viewport box visibility prompts the five baseline data counter text nodes to count up from 0 sequentially on load grid tracks.,"bento-metrics-row, brutalist-neon-yellow, dark-mode-dashboard, social-proof",Core enterprise protocol success statistics, data security growth proof panels.
B2B-49,B2B Corporate & Fintech Overviews,Handheld Device Mockup Conversion Hero,Elite landing hero centering a handheld smartphone mockup tracking live video over a blue-sky radial gradient wash.,Soft, light-blue wash gradient backdrop field canvas layer. Mockup smartphone frame absolute.,Main display layout 58px white text layers. Description copy regular regular tracking rules.,Move gestures or page scroll sequences trigger independent horizontal and vertical translation float offsets across handheld.,"handheld-device-mockup, saas-conversion-hero, radial-gradient-wash, medical",Principal landing heroes for medical applications, health-tech protocol software.
B2B-50,B2B Corporate & Fintech Overviews,Brutalist Capture Form Grid Matrix,High-impact brutalist split block balancing bulleted benefits lists left with a towering yellow-framed capture form right.,Solid matted deep charcoal black background field canvas layer #0B0B0B. Capture form card panel.,Left title heading text 38px neon yellow. Form card main title text 42px uppercase yellow.,Mouse click entries into individual form input field lines toggle border stroke properties into neon-yellow active states.,"brutalist-form-matrix, neon-yellow-accents, benefits-checklist, dark-mode",Main closing conversion modules, enterprise registration sign-on gates, lead captures.
B2B-51,B2B Corporate & Fintech Overviews,Iridescent Torus SaaS Landing Hero,Advanced SaaS hero section layering giant display typography behind an extra-large 3D liquid chrome bubble sphere asset.,Solid deep indigo-to-violet canvas base layer #1C103F. Underlying color mesh gradient spotwells.,Main display title text 54px extra bold. Inset capsule button periwinkle. Avatar proof text.,Central 3D fluid chrome sphere executes an automated continuous keyframe mesh transformation loop animation over easy curves.,"iridescent-3d-core, liquid-chrome-sphere, b2b-saas-hero, avatar-proof-row",Principal landing heroes for developer automation tools, AI code copilots, software walkthroughs.
B2B-52,B2B Corporate & Fintech Overviews,Alternating Capsule Portfolio Matrix,Minimalist capabilities slider marquee tracking active portrait containers complete with right-anchored arrow badges.,Solid clean off-white canvas layout backdrop canvas field background sheets #FAF8F5.,Card text titles 20px bold. Photo card text check list tags.,Slide controls shift the service track horizontally along X-axis while cross-fading inner photo frames dynamically on click.,"portfolio-gallery-grid, horizontal-carousel, floating-arrow-cta, editorial",Core agency capabilities showcases, creative studio portfolio carousels, categories.
B2B-53,B2B Corporate & Fintech Overviews,Vertical Ribbon Marquee Showcase,Clinical 7-column service grid balancing an active expanded photo card left with towering vertical ribbon marquee strips right.,Solid clean off-white canvas layout backdrop canvas field #F9F9FA. Row grid dividers vertical lines.,Section title heading text 38px bold black text rows. Active card heading text layers 24px.,Hover actions over narrow column strips smoothly expand horizontal layout width proportions while compressing adjacent fields.,"vertical-accordion-grid, editorial-columns, ribbon-marquee, text-symmetrical",Core agency capabilities lists, software portfolio category overviews, portals.
B2B-54,B2B Corporate & Fintech Overviews,Flagship SaaS Platform Blue-Sky Hero,Technology landing hero centering an umbrella arch mockup window over a blue-sky cloud panoramic mountain layer base.,High-fidelity photographic canvas displaying bright white cumulus cloud banks fading into blue sky washes.,Main headline 56px, dual-colored linear text gradient fill layer 'Create CustomGPTs'.,On initial viewport visibility, third-party icons animate sequentially outward from apex node down left and right paths.,"blue-sky-hero, integration-umbrella-arch, concentric-logo-bridge, saas",Principal landing heroes for cloud automation tools, software integration hubs.
B2B-55,B2B Corporate & Fintech Overviews,Interactive Medical Card Carousel,User-centric feature walkthrough segmenting an active card choice vertically inside periwinkle horizontal dashboards.,Clean solid white background layer layout canvas #FFFFFF. Active choices grey noise panels.,Card headline text 42px bold. Row checklist text regularRegular weight tracking metrics bounds.,Card deck frames execute automated staggered entry animations, sliding upwards into line row-by-row on load view.,"card-deck, fanned-carousel, bento-metrics, health-tech",Core features lists, medical tool capabilities lists, walkthroughs.
B2B-56,B2B Corporate & Fintech Overviews,Luxury Balanced Product Showcase Hero,Premium watch landing hero layering a vertical brand marquee behind a giant 3D mechanics skeleton sports watch asset.,Full-bleed clean canvas base layer showing ultra-soft periwinkle radial gradient wash margins.,Main headline 58px bold, vertical script script typography design layer 'Hublot' text.,Central 3D skeleton watch asset executes a continuous slow-duration automated rotation animation loop on center axes.,"luxury-showcase, 3d-hardware-render, watermark-sidebar, premium-landing",Flagship luxury product heroes, premium consumer tech landing overviews, catalogs.
B2B-57,B2B Corporate & Fintech Overviews,Dual-Pane Luxury Presentation Row,Balanced 2-column layout split coordinating product division cards left with an absolute full portrait photography frame right.,Pristine uniform white canvas backdrop layer #FFFFFF.,Left title display text 32px bold black text rows. Description copy regularRegular weight tracking.,Hovering over right portrait photo frames triggers a subtle media zoom push inside layout clip boundaries on mouse entry.,"split-media-layout, luxury-branding, product-showcase, clean-corporate",Premium product divisions overviews, specialized catalog highlights, portfolios.
B2B-58,B2B Corporate & Fintech Overviews,Interactive Multi-Grid Persona Dashboard,Advanced metrics summary bento matrix balancing user lifestyle closeups left with 4-quadrant research widgets right.,Solid matte deep charcoal black background field canvas layer #000000. Research cards white #FFFFFF.,Widget title heading text 18px regular tracking. Persona age indicator text 26px bold text.,Viewport card intersection triggers a rapid horizontal slide progress fill translation across metrics tracking lines on load.,"bento-dashboard-matrix, user-persona, progress-tracking-bars, dark-mode",Specialized software case studies, target user persona walkthrough overviews, metrics.
B2B-59,B2B Corporate & Fintech Overviews,Brutalist Overlapping Lookbook Hero,High-impact brutalist fashion landing hero section that layers massive canvas-filling display typography behind a cursive script overlay.,Solid matte light gray background field canvas layer covered with vertical alignment wirelines.,Brutalist background text 110px condensed. Central photo frame vertical portrait.,Cursor tracking coordinates trigger gentle opposite horizontal translation float offsets across background text blocks.,"brutalist-grid, overlapping-media, cursive-typography-overlay, brutalist",Streetwear fashion catalog lookbooks, creative studio collection launches, lookbooks.
B2B-60,B2B Corporate & Fintech Overviews,Diagonal-Cut Monochrome Testimonial,High-contrast review carousel tracking four diagonal-cut masked portrait panels above bulleted indicator text quotes left.,Solid pristine off-white canvas layout background #FFFFFF. Mask backgrounds sky-blue.,Section main title 56px condensed bold. Client name metadata notes font-size 14px text.,Chevron mask elevation coordinates translate portrait frames vertically translateY(-8px) while expanding masks on hover.,"diagonal-cut-masks, chevron-imagery, asymmetrical-header, social-proof",Main corporate testimonials blocks, B2B agency review centers, milestone charts.
B2B-61,B2B Corporate & Fintech Overviews,Inverted Contrast Dual-Pane Block,Elite social proof section balancing a giant center text quote right with an oversized diagonal-cut portrait card left.,Solid vibrant golden-yellow field canvas, transitioning right into white radial gradient wash mesh spots.,Right headline display text 42px bold. Context sub-link headers regular weight tracking.,Hovering individual anchors inside right pane dynamically expands a bold white baseline row underline element on mouse entry.,"diagonal-cut-portrait, inverted-color-split, large-scale-quote, b2b",High-value client feedback dashboards, bottom-of-island conversion fields.
B2B-62,B2B Corporate & Fintech Overviews,Frosted Glass Capsule Botanical Showcase,Organic product feature grid centering three glassmorphic capsules over full-bleed photographic green branch layers.,Clean uniform off-white layout canvas sheet layer #FFFFFF. Botanical branch asset center axis.,Card heading text 20px bold black. Description copy regular regular Regular weight tracking metrics bounds.,Move gestures across coordinates trigger gentle independent keyframe translation float offsets across glassmorphic shapes.,"glassmorphic-capsules, botanical-assets, organic-product-ui, interlocking",Natural product ingredient lists, e-commerce core walkthrough overviews, wellness.
B2B-63,B2B Corporate & Fintech Overviews,Kinetic Block Out Lookbook Grid,Brutalist fashion lookbook lane tracking five vertical color-block cards below an uppercase description block paragraph text.,Solid vibrant neon-red horizontal sheet background field canvas layer. Color panels orange/pink.,Upper headline text 14px regular uppercase text. Content list text regular font weight tracking.,Hovering over baseline photo cells smoothly widens horizontal layout proportions flex: 2.5 while shrinking neighbors.,"brutalist-grid, color-block-panels, expandable-columns, brutalist",Streetwear fashion catalog lookbooks, creative studio collection launches, indices.
B2B-64,B2B Corporate & Fintech Overviews,Technical Blueprint Software Showcase,Technical B2B feature layout split anchoring a software matrix card left and dashboard mockup panels right.,Clean stark white canvas sheet backdrop layer. Mockup browser interface light gray.,Left section headline 54px bold. Right mobile viewports feature top absolute capsule badge.,Logic workflow micro-interaction loop automatically translates target task elements up and down on a continuous loop inside.,"technical-blueprint, dashboard-mockup, text-marker-highlight, minimalist",Main technology landing heroes, B2B workflow software indices, checklists.
B2B-65,B2B Corporate & Fintech Overviews,High-Contrast Typographic Product Hero,Editorial fashion hero centering a giant red text display overlay above a horizontal row of three streetwear image frames.,Solid deep charcoal black surface canvas backdrop template lines #0D0D0D. Card frames rounded 12px.,Main title display layout 72px uppercase red. Card heading text layers 16px bold text.,Inset hover indicators expand the media image asset inside its clip boundary while shifting text colors to solid white text.,"high-contrast-typography, streetwear-lookbook, asymmetrical-grid, dark-mode",Flagship heroes for high-end fashion brands, e-commerce lookbook portals, portfolios.
B2B-66,B2B Corporate & Fintech Overviews,Frosted Glass Capsule Botanical Showcase (Var),Symmetrical wellness platform overview aligning three vertical frosted glass columns over full-bleed panoramic moss fields.,Full-bleed panoramic photographic portrait of rolling green moss-covered agricultural hills.,Upper headline text 42px. Inset circular card container radius 14px.,Viewport card intersection visibility prompts underlying green moss color pixels to dynamically distort under glass panels.,"glassmorphic-capsules, panoramic-nature-field, organic-product-ui, align",Wellness platform value propositions lists, natural product ingredient lists, overviews.
B2B-67,B2B Corporate & Fintech Overviews,Premium Tiered Product Catalog Matrix,Structured product suite lists centering an active black card choice horizontally inside vertical price tiers.,Solid pristine off-white sheet canvas layer #FFFFFF. Card frames rounded 16px.,Plan title text 42px bold. Card subtitle headers 18px bold white text layers.,Hover actions over individual pricing bento cards prompt a subtle container elevation change via drop shadow manipulation.,"product-catalog-grid, luxury-watch-assets, black-bento-cards, saas-cta",Specialized software product suites list, tiered subscription plans, upgrades pages.
B2B-68,B2B Corporate & Fintech Overviews,High-Key Grid Catalog Showcase,Advanced e-commerce product overview section balancing top horizontal filter selectors with a 2-row multi-column card grid.,Pristine uniform white canvas backdrop layer #FFFFFF. White card wrappers round white circle badge.,Card title text 22px bold black. Price indicator tag text layers 16px regular tracking fields.,Staggered card entries execute automated rapid digital odometer counting animations across product bottle digits on load.,"product-catalog-grid, supplement-bottle-assets, white-bento-cards, grid-mesh",Educational category overviews, e-commerce division matrices, classification.
B2B-69,B2B Corporate & Fintech Overviews,Horizontal Product Slider Marquee,Luxury catalog row track centering an expanded watch card horizontally inside an open horizontal carousel line.,Solid pristine matte black page canvas backdrop template lines #050505. Orange text tags.,Split title display text 36px regular white text. Slider selection filters spacing 24px.,Pressing the header navigation keys shifts active campaign card rows horizontally along the horizontal stage track on click.,"campaign-slider, fintech-cards, progress-tracking-bars, dark-mode-carousel",Live crowdfunding investment opportunities, product catalogs trackers, watch lookbooks.
B2B-70,B2B Corporate & Fintech Overviews,Overlapping Translucent Wireframe Hero,Technical B2B hero section layering a full-bleed background matrix of transparent geometric glass tiles below center text.,High-key multi-colored radial gradient wash canvas base layer. Translucent 3D glass tiles.,Main headline display text 64px bold, text tracking phrase regularRegular font weight tracking.,Page scroll actions trigger multi-layered parallax float speed interpolation across overlapping background glass tile layers.,"3d-glass-tiles, geometric-parallax, high-contrast-editorial, baseline-status",Main flagship landing heroes for software houses, technical B2B SaaS heroes.
B2B-71,B2B Corporate & Fintech Overviews,Split-Contrast Premium Asset Showcase,Editorial product showcase split balancing watch portrait assets left with multi-column text customization lists right.,Pristine uniform white canvas backdrop layer #FFFFFF. Product card background sky blue gradient wash.,Left title header text 48px bold. Watch model text node heading 22px bold black sans-serif.,Inset hover indicators expand the left watch asset frame into a glowing wide light bar sweep element inside clip bounds.,"product-showcase, luxury-branding, asymmetrical-alignment, saas-conversion",Specialized product division overviews, premium e-commerce main frames, feature blocks.
B2B-72,B2B Corporate & Fintech Overviews,Structured Matte Conversion Container,High-impact conversion portal nesting a physical device container box inside an oversized matte black card banner layer.,Solid pristine off-white sheet canvas layer #FFFFFF. Conversion card matte black container radius 24px.,Card subtitle headline text 28px white. Description copy lines text 14px.,Capsule hover entries over the black block card execute immediate container elevation changes via drop shadow changes.,"capsule-conversion-banner, matte-black-card, luxury-product-showcase, cta",Primary closing conversion modules, enterprise landing product overviews, catalog frames.
B2B-73,B2B Corporate & Fintech Overviews,Balanced Multi-Column Industry Portals,Symmetrical B2B capabilities block balancing a left-heavy brand logo with a vertical resource link directory.,Clean white sheet layout canvas backdrop layer #FFFFFF.,Left title display text 42px bold. Directory column headers text 16px.,Directory link anchors execute immediate font color weight conversion from dark gray to solid white text lines on hover.,"industry-vertical-grid, directory-menu-list, b2b-minimalist, clean-alignment",Industry vertical deep-dives, corporate service overviews, custom software use-cases.
B2B-74,B2B Corporate & Fintech Overviews,Asymmetrical Typographic Conversion Ribbon,High-impact brutalist portal stacking a top text block over a star review container on light periwinkle gradient layers.,Light gray to periwinkle soft gradient canvas base sheet layout canvas layer. Inset card block.,Brutalist background text 52px uppercase. Inset form container placeholder typography text.,Viewport entry visibility prompts the main layout text rows to slide horizontally onto the screen via an automated sweep.,"ribbon-banner, brutalist-typography-cta, star-rating-badge, minimalist",Bottom-of-page closure ribbons, portfolio base rows, lead capture endfolds.
B2B-75,B2B Corporate & Fintech Overviews,Multi-Pane Descriptive Product Catalog,Product catalog dashboard coordinating a vertical drop-down list matrix left with active white thumbnail filters right.,Pristine uniform white canvas backdrop layer #FFFFFF. Drop-down accordion frames dark.,Plan title heading text 24px bold black. Description copy lines text 14px regular.,Drop-down list toggle events trigger height layout shifts from 0 to 1fr via smooth max-height interpolation curves.,"product-catalog-dashboard, drop-down-accordion, thumbnail-filters, clean",Flagship e-commerce product overviews, software specifications, upgrades sheets.
B2B-76,B2B Corporate & Fintech Overviews,Split-Circle Abstract Macro Grid,Brutalist features summary matrix tracking two intersecting circle wireframe nodes filled with macro product assets.,Solid clean white canvas configuration field. Left circle area black background fill box.,Left circle text 18px white text. Right circle sub-header text layers 22px bold black text rows.,Background capsule and supplement bottle graphics execute scroll-driven parallax translation offsets relative to center axes.,"brutalist-split, product-handheld-asset, high-contrast-editorial, circles",Core company value propositions lists, natural product advantage matrices, features sheets.
B2B-77,B2B Corporate & Fintech Overviews,Unified Dual-Pane Application Catalog,High-key product catalog hero cascading a stack of white software inputs inside an absolute centered tablet mockup.,Pristine uniform off-white layout canvas layer overlaid with an engineering layout grid line matrix.,Extra-large headline text 54px bold white text layers. Input form width constraint 440px.,Page scroll sequences trigger multi-layered parallax float speed interpolation across overlapping widget deck frames on load.,"tablet-mockup-dashboard, overlapping-widgets, high-key-product-catalog, saas",Principal landing heroes for medical tools, e-commerce catalog main frames, product features.
B2B-78,B2B Corporate & Fintech Overviews,Kinetic Micro-Badge Brand Statement,Minimalist capability statement module tracking large regular gray text strings overlaid with highlighted icon badges.,Light gray to periwinkle soft gradient canvas base text layout line. Micro-badges capsule indicators.,Main display typography block 38px medium-light gray. Highlight phrase text regular.,Hovering individual coordinates over highlighted badge text triggers an immediate typography font weight shift and active logo.,"kinetic-typography, inline-micro-badges, vector-utility-glyphs, statement",Company core mission statements, agency capability overviews, feature summary blocks.
B2B-79,B2B Corporate & Fintech Overviews,Asymmetrical Circular Product Slider,Symmetrical platform overview aligning five vertical oval bento cards below a top horizontal navigation group.,Solid clean off-white canvas layout field paneling with zero lines or gradients. Oval card borders radius.,Section title heading text 42px bold. Card subtitle headers 20px bold text layers.,Slotted interaction triggers translate the carousel track on X-axis while smoothly expanding shadows of active focus cards.,"oval-bento-cards, horizontal-carousel, supplement-assets, social-proof",Educational category overviews, e-commerce division matrices, classification overviews.
B2B-80,B2B Corporate & Fintech Overviews,B2B Multi-Client Proof Grid,Pristine 2-row partner logo directory table designing corporate authority across structured white row lines.,Pristine uniform white canvas base. No layout gradients or lighting textures.,Module sub-header line text index copy box headers text 16px. Grayscale logos center.,Brand grid cell coordinates trigger immediate logo flash color property shift from grayscale to high-contrast corporate.,"wireline-grid-dividers, grayscale-logos, corporate-proof-baseline, symmetrical",Mid-page corporate trust banners, client partner marquees lists, enterprise logo rolls.
B2B-81,B2B Corporate & Fintech Overviews,Wide Gradient Tech Directory Footer,Clean corporate directory footer closure layout focusing an email capture row and a large left-heavy brand logo mark.,Deep dark slate charcoal page canvas field. Low-contrast script typography design watermark 'VOXA'.,Upper row capture headline text 42px white. Directory menu link filters spacing 24px.,Directory menu link anchors execute immediate font color weight conversion from dark gray to solid white text lines on hover.,"minimalist-footer, giant-watermark-base, email-capture-form, horizontal",Flagship corporate footers, closure conversion landing fields, contact directory panels.
B2B-82,B2B Corporate & Fintech Overviews,Giant Chroma Wordmark Transition Banner,Ultra-minimalist branding transition banner designing giant gradient text block logos beside vertical resource link lists.,Solid deep dark slate charcoal horizontal strip ribbon background field. Diamond card icon mark.,Ribbon headline text 42px white. Sub-footer legal utility anchors spacing 16px.,Gradient text block logo performs an automated horizontal entry slide translation onto the stage track on load visibility.,"ribbon-banner, gradient-typography-logo, brutalist-text-cta, sub-footer",Bottom-of-page closure ribbons, agency portfolio base rows, creative transitions.
B2B-83,B2B Corporate & Fintech Overviews,Fine-Art Overlapping Canvas Hero,Editorial fine-art hero section layering raw canvas-filling background imagery behind three stacked painting frames.,Full-bleed background layout displaying a photorealistic oil painting of deep red and white roses.,Backdrop typography text 82px bold neon yellow. Classical museum artifact cells text 16px.,Oil painting background layer moves on a slow subtle scroll parallax interpolation while cards execute offsets on hover.,"fine-art-hero, overlapping-canvases, brutalist-yellow-type, baroque",Main heroes for art galleries, exhibition collection launches, portfolios.
B2B-84,B2B Corporate & Fintech Overviews,Full-Bleed Nature Retreat Hero (Var),Immersive eco-tourism hero section tracking an open navigation header above a modern A-frame glass cottage lake scene.,Full-bleed photographic background showcasing a luxury modern A-frame glass cottage along a lake reflect pool.,Main display headline 64px white sans-serif text. Description copy regular weight text layouts.,Lake reflection water area incorporates a subtle fluid simulation loop to replicate soft active water ripples continuously.,"full-bleed-nature, luxury-retreat, forest-cabin, centered-conversion",Flagship heroes for boutique hotels, nature retreats, architectural experience landings.
B2B-85,B2B Corporate & Fintech Overviews,Split Symmetrical Architecture Slider,Symmetrical real estate overview section distributing landscape cottage cards complete with property photo frames.,Solid clean off-white canvas layout backdrop canvas field with zero lines or gradients. White cards panels.,Split headline text 42px bold. Property data line specifications text layers 15px.,Slide controls shift the horizontal card rows smoothly along X-axis while cross-fading property metrics lines on click.,"property-slider, landscape-media-cards, symmetrical-alignment, travel",Vacation rental catalogs, real estate asset overviews, property listings.
B2B-86,B2B Corporate & Fintech Overviews,Blurred Instagram Grid Marquee (Var),Editorial social proof feed row mapping horizontal portrait photo cards above a heavily blurred forest panoramic backdrop.,Full-bleed background layout displaying a photorealistic heavily blurred panoramic texture pool.,Module title text 36px bold. Polaroid card account tag text layers 14px lowercase.,Polaroid card wrappers text lines translate vertically translateY(-8px) while shifting from muted to high-contrast colors.,"social-proof-feed, polaroid-cards, blurred-nature-backdrop, lifestyle",Mid-page social proof ribbons, Instagram integration feeds, culture walls.
B2B-87,B2B Corporate & Fintech Overviews,Asymmetrical Gallery Matrix (Var),Advanced information-dense amenities block pairing an extra-large text block left with three multi-scale layout cells right.,Pristine uniform off-white layout canvas layer with zero lines or gradients. Multi-scale cards.,Left title headline text 44px bold. Capsule button text layers 16px copper.,Move gestures across coordinates trigger independent horizontal and vertical translation float offsets across image cells.,"asymmetrical-gallery, multi-scale-cards, luxury-lifestyle, retreat",Boutique hotel amenities showcases, asset catalog overviews, experience designs.
B2B-88,B2B Corporate & Fintech Overviews,Vertical Index Property Switcher (Var),Advanced real estate switcher module balancing vertical text list options left with a large property showcase frame right.,Solid clean off-white canvas layout background layer. Showcase frame landscape portrait.,Main title display text 42px uppercase. Property details progress text layers regular weight.,Toggling vertical index text links instantly clears right-hand media pane and fades incoming property photo asset via sweep.,"vertical-index-switcher, property-showcase-frame, architectural-bento, clean",Vacation rental catalogs, real estate asset overviews, directory switchers.
B2B-89,B2B Corporate & Fintech Overviews,Property Recommendation Deck Split (Var),Structured conversion module splitting a giant uppercase headline above a horizontal row of two property cards.,Solid pristine off-white canvas layout background layer. Photo cards full portrait frames.,Section title heading text 44px uppercase. Property details text layers regular font weights.,Hover actions over individual horizontal card containers prompt a subtle container elevation change via drop shadow manipulation.,"recommendation-deck, landscape-property-cards, symmetrical-alignment, travel",Product recommendation sliders, cross-selling real estate blocks, catalogs.
B2B-90,B2B Corporate & Fintech Overviews,Immersive Dark Interior Hero (Var),Luxury hospitality hero overlaying a brutalist fireplace text headline onto a full-bleed dark concrete living lounge scene.,Full-bleed photographic background displaying an industrial dark concrete interior lounge fireplace setup.,Fireplace text headline 88px uppercase tracking. Booking scheduler text layers regular weight.,Fireplace mantle area incorporates a highly realistic particle lighting mesh simulation to replicate live flickering flame.,"dark-interior-hero, brutalist-text-overlay, booking-scheduler-baseline, luxury",Principal landing heroes for luxury boutique hotels, luxury villa bookings.
B2B-91,B2B Corporate & Fintech Overviews,Close-Up Culinary Feature Block,Editorial 2-column feature block section pairing culinary plate closeups right with an asymmetrical text summary block left.,Pristine uniform off-white sheet layout canvas layer. Culinary plate closeups portrait frame.,Left title main text 42px uppercase bold text rows. Baseline description copy regular weight.,Inset viewport visibility prompts the handheld chopstick graphic to translate smoothly downwards along the Y-axis onto plate.,"split-media-layout, culinary-closeup, gourmet-branding, clean-corporate",Luxury dining overviews, resort amenities breakdowns, gourmet catalog main frames.
B2B-92,B2B Corporate & Fintech Overviews,Deep Foggy-Forest Closure Banner,Corporate closure conversion footer component designing a capsule conversion card over panoramic misty forest tree lines.,Full-bleed photographic canvas displaying dense green pine valleys covered in thick rolling fog banks.,Banner main title text 54px uppercase dark. Description copy lines text 14px regular.,Panoramic forest background layer incorporates a slow automated horizontal keyframe opacity shimmer loop animation pattern.,"foggy-forest-canvas, panoramic-misty-valley, capsule-conversion-cta, closure",Eco-resort base closures, main closing conversion modules, travel closures.
B2B-93,B2B Corporate & Fintech Overviews,Editorial Property Description Stack (Var),Hospitality process layout splitting vertical text columns left and asymmetrical landscape photo gallery tracks right.,Solid clean off-white canvas layout background #FFFFFF. Gallery cards rounded 16px.,Upper headline text 48px uppercase. Column feature list check metrics.,Gallery row track entry coordinates translate horizontal card panels smoothly along X-axis while cross-fading inner photos.,"split-header-matrix, asymmetrical-gallery-slider, two-column-copy-block, travel",Main property specification walkthrough modules, real estate about-page blocks.
B2B-94,B2B Corporate & Fintech Overviews,Multi-Tabbed Category Amenity Grid (Var),Symmetrical capabilities grid row layout aligning four portrait photo panels below top horizontal filter links.,Solid clean off-white canvas layout backdrop canvas field background sheets #FFFFFF. Photo cards rounded.,Section title heading text 42px uppercase bold. Link filter text layers 20px regular weights.,Toggling separate filter menu headers instantly clears core grid panel and fades incoming amenity photo frames via curves.,"category-filter-bar, amenities-grid, symmetrical-alignment, b2b-corporate",Property amenities showcases, e-commerce catalog main frames, portfolio grids.
B2B-95,B2B Corporate & Fintech Overviews,Editorial Museum Exhibition Banner (Var),High-impact brutalist portal stacking a floating text card over a fanned horizontal marquee row of artwork cards.,Clean solid white background layer layout canvas. Artwork ribbon cards rounded 16px.,Marquee background text 82px bold. Exhibition card sub-caption text layers 14px regular weight.,Hover actions over narrow column strips smoothly expand horizontal layout width proportions while compressing adjacent fields.,"brutalist-text-marquee, overlapping-canvases, vertical-accordion-grid, history",Main heroes for art galleries, exhibition collection launches, timelines.
B2B-96,B2B Corporate & Fintech Overviews,Fine-Art Chronological Flagship Hero (Var),Immersive art museum hero section tracking an open navigation top-bar above a multi-layered cascade of portrait art frames.,Clean white sheet layout canvas backdrop layer. Portrait art cells feature index paths '01'.,Main display headline 64px bold, cursive text script logo overlay 'of' in rich coral tone.,Move gestures or page scroll sequences trigger independent horizontal and vertical translation float offsets across layers.,"fine-art-hero, cursive-typography-overlay, overlapping-media-cards, alignment",Principal landing heroes for art institutions, digital portfolio indices.
B2B-97,B2B Corporate & Fintech Overviews,Asymmetrical Property Experience Grid (Var),Advanced information-dense real estate features listing pairing an asymmetrical uppercase display title left with cards right,Solid pristine off-white canvas layout background layer. Photo cards horizontal card rows.,Section title heading text 42px uppercase. Property details text layers regular font weights.,Hover actions over individual gallery card containers prompt a subtle vertical translation lift alongside an active scale.,"asymmetrical-gallery-matrix, multi-scale-cards, luxury-lifestyle, onboarding",Boutique hotel amenities showcases, asset catalog overviews, experience designs.
B2B-98,B2B Corporate & Fintech Overviews,Wireframe Directory Matrix Footer (Var),Minimalist corporate footer layout managing text row marquee cells over a wireframe grid matrix track.,Pristine uniform white canvas base layer #FFFFFF bordered by gray vertical layout lines.,Module main heading text 42px bold. Cell index tag text layers 14px regular tracking fields.,Hover actions over individual directory anchors prompt an immediate typography color conversion from dark gray to black text.,"wireline-grid-dividers, minimal-directory, brutalist-text-marquee, sub-footer",Baseline corporate footers, agency conversion closure folds, contact layouts.
B2B-99,B2B Corporate & Fintech Overviews,Milestone Checklist Accordion Panel (Var),Educational 2-column feature walkthrough coordinating a vertical checklist timeline left with horizontal options right.,Solid clean off-white canvas layout field paneling with zero structural lines or gradients.,Two-row headline 38px uppercase bold. Active choice card features top absolute green badge.,Checklist circle nodes illuminate sequentially downwards along the vertical dashed tracking wireline track on view entry.,"milestone-checklist, horizontal-accordion-stack, overlapping-badge, travel",Property onboarding lists, tactical feature summary blocks, company charts.
B2B-100,B2B Corporate & Fintech Overviews,Advanced Booking Scheduler Stage (Var),Advanced user booking scheduler stage balancing interactive dropdown fields left with showcase photo frames center.,Pristine uniform off-white layout canvas layer #FFFFFF. Summary conversion card panel white text layers.,Step timeline progress title text 16px. Statistical numeric layout text 44px regular black.,Mouse click entries into individual form dropdown field lines toggle border stroke properties into dark-teal active states.,"booking-scheduler-stage, step-progression-baseline, horizontal-split-pane, checkout",User portal registration sign-on gates, client booking calendars gateways.
B2B-101,B2B Corporate & Fintech Overviews,Minimal Balanced Text Statement Block (Var),Typographic capability statement module featuring large regular gray text strings overlaid with copper accent text nodes.,Solid clean off-white canvas layout field paneling with zero structural lines or gradients.,Main display typography block 38px bold. Statement highlight phrase text layers bold regular.,Hovering individual cursor coordinates over the highlighted statement text triggers an immediate typography font weight shift.,"capabilities-statement, copper-accent-type, two-column-copy-block, clean",Company core mission statements, agency capability overviews, feature summary blocks.
B2B-102,B2B Corporate & Fintech Overviews,Advanced Booking Scheduler Stage (Var 2),Advanced user booking scheduler stage balancing vertical list options left with horizontal selection bento cards center.,Pristine uniform off-white layout canvas layer #FFFFFF. Summary conversion card panel white text layers.,Step timeline progress title text 16px. Statistical numeric layout text 44px regular black.,Hovering over individual horizontal resource cards smoothly elevates the target container wrapper and expands drop shadow.,"booking-scheduler-stage, step-progression-baseline, bento-cards-stack, fintech",Technical marketing documentation indices, product guide libraries, client booking calendars.
B2B-103,B2B Corporate & Fintech Overviews,Minimalist Split-Pane Core Metrics Row,Lightweight metrics section row layout tracking three oversized copper data numbers below left vertical title stacks.,Solid pristine off-white canvas layout backdrop canvas field background sheets #F9F9F9.,Section title headline 42px bold. Card statistical values text 54px regular tracking.,Baseline odometer counters execute automated staggered entry animations, sliding upwards into row layout with a smooth curve.,"metrics-panel-row, copper-accent-type, symmetrical-alignment, social-proof",Core platform success statistics, travel booking summaries, company scale indicators.
B2B-104,B2B Corporate & Fintech Overviews,Dual-Month Interactive Booking Calendar,Advanced real estate switcher module balancing vertical text list options left with a large property showcase frame right.,Solid clean off-white canvas layout background layer. Showcase frame landscape portrait.,Main title display text 42px uppercase. Property details progress text layers regular weight.,Toggling vertical index text links instantly clears right-hand media pane and fades incoming property photo asset via sweep.,"vertical-index-switcher, property-showcase-frame, architectural-bento, clean",Vacation rental catalogs, real estate asset overviews, directory switchers.
B2B-105,B2B Corporate & Fintech Overviews,Asymmetrical Info-Card Gallery Matrix,Asymmetrical 2-column feature split coordinating vertical bento cards with a landscape lifestyle photography frame right.,Solid clean off-white canvas layout backdrop canvas field background textures. Bento cards white box.,Section title main text 42px uppercase bold. Card subtitle headers 22px bold text layers.,Hover actions over individual horizontal text cards smoothly elevate the target container wrapper and expand drop shadows.,"asymmetrical-gallery-matrix, multi-scale-cards, lifestyle-photography, clean",Corporate policy deep-dives, regulatory phase checklists, product guide libraries.
B2B-106,B2B Corporate & Fintech Overviews,Deep Misty-Forest Directory Footer,Corporate directory footer layout managing text row marquee cells over an engineering coordinate backdrop.,Solid deep charcoal black horizontal strip ribbon footer layer. Deep green pine valley tree lines.,Main headline 64px white, directory column link headers bold white text 16px. Sub-link grey.,Directory link anchors execute immediate font color weight conversion from dark gray to solid white text lines on hover.,"misty-forest-footer, panoramic-valley-backdrop, directory-link-grid, utility",Eco-resort base cookies, main closing conversion modules, legal directory baselines.
B2B-107,B2B Corporate & Fintech Overviews,Full-Width Centered FAQ Accordion,Constrained central FAQ interface designing text accordion rows over an engineering coordinate backdrop.,Solid clean off-white canvas layout backdrop canvas field with zero structural lines or gradients.,Section main heading text 44px bold uppercase text. Accordion question row titles text 20px.,Accordion expansion row toggle events trigger height layout shifts from 0 to 1fr via smooth max-height interpolation.,"accordion-stack-faq, horizontal-rows, clean-alignment, travel-conversion",FAQ panels, core product feature specifications documentation blocks, tutorial sheets.
B2B-108,B2B Corporate & Fintech Overviews,Minimal Product Landing Hero (NEURA),Smart ring hero section centering an extra-large 3D ring asset inside a giant background wordmark backdrop.,Crisp white canvas sheet backdrop layer. Left and right margins anchor low-contrast rock cliff textures.,Background typography text 140px condensed. Main title text 56px white text layers.,Central smart ring asset executes an automated continuous keyframe floating layout translation and center axial rotation.,"3d-hardware-render, smart-ring-asset, watermark-backdrop, fintech-metric",Flagship luxury product heroes, premium consumer tech landing overviews, e-commerce.
B2B-109,B2B Corporate & Fintech Overviews,Macro Multi-Scale Hardware Bento Matrix,Clinical capabilities grid row aligning five vertical rectangle cards filled with pastel panels and 3D objects.,Solid clean off-white canvas layout backdrop canvas field background sheets #FFFFFF. Macro focus paths.,Main title heading text 42px bold black. Card subtitle headers 20px. Action capsule button.,Hover vectors over card modules trigger an asymmetrical vertical translation lift translateY(-8px) and interior photo scale.,"division-grid, pastel-cards, 3d-geometric-objects, staggered-alignment",Educational category overviews, e-commerce division matrices, portfolio classification selectors.
B2B-110,B2B Corporate & Fintech Overviews,Technical Cross-Section Dashboard Block,Advanced product presentation layout module matching a top horizontal data matrix with an extra-large 3D ring asset.,Pristine uniform off-width canvas layout sheet bordered by sharp horizontal dividing lines.,Column data list text headers text 16px. Callout window text layers 22px bold white text rows.,Viewport ring asset intersection visibility prompts numerical values inside tags to execute a rapid digital odometer count.,"cross-section-dashboard, floating-metric-tags, smart-ring-specs, data",Technical marketing documentation indices, product guide libraries, features walkthroughs.
B2B-111,B2B Corporate & Fintech Overviews,3D Exploded-View Component Assembly Hero,Technology landing hero centering an exploded-view component assembly mapping out hardware layers across wire points.,Clean, solid white background layer layout canvas #FFFFFF. Component files absolute landscape.,Main section heading text 44px centered. Component list labels text 16px regular weight.,Move gestures or page scroll sequences trigger an automated continuous horizontal expansion transition across component files.,"exploded-view-assembly, 3d-component-cascade, hardware-blueprint, hero",Flagship hardware product heroes, engineering component walkthrough overviews.
B2B-112,B2B Corporate & Fintech Overviews,Progressive Path-Morph Transform Rig,"A single SVG asset built from N parallel strand-paths, each sharing one ordered point-set across two named states (coiled/assembled vs. straight/exploded); a shared progress value (0 to 1) is lerped per-point and redrawn every frame, so the asset visibly reconfigures between states rather than cross-fading between two images.","Sits inside a bordered rounded card on the page's own base surface; an optional soft radial glow, color-matched to the asset, sits behind it at low opacity.","Asset fills a fixed-aspect stage with no intrinsic text; step labels or a state caption sit below in the project's mono/label face, 11 to 13px, uppercase, wide tracking.","One motion value drives every strand via per-frame recomputation, never a CSS cross-fade between pre-rendered states: ambient looping (0 to 1 to 0 with pauses) for atmosphere, spring-to-step-target for an interactive walkthrough, or held static per variant with a separate shimmer-sweep on swap.","path-morph-rig, dual-state-svg, progress-driven, transformation-story, step-walkthrough-stage -- reuse across a hero (ambient), a walkthrough (interaction-triggered) and a variant picker (static) on one page without it reading as a repeated signature move, since each use has a different trigger and narrative job; only reach for it when the product has a literal two-state physical story.","Convertible or modular hardware heroes, before/after physical-product transformations, wearable-to-tool product demos, assembly or disassembly instructions, packable/foldable gear showcases."
